Country code,Country name,2012,2011,2010,2009,2008,2007,2006,2005,2004,2003,2002,2001,2000,1999,1998,1997,1996,1995,1994,1993,1992,1991,1990,1989,1988,1987,1986,1985,1984,1983,1982,1981,1980
ALB,ALBANIA,423.0,423.0,423.0,423.0,423.0,423.0,423.0,447.0,447.0,447.0,447.0,447.0,440.0,,,447.0,,674.0,674.0,674.0,674.0,,734.0,,,,,672.0,,,,,610.0
ARG,ARGENTINA,25023.0,25023.0,25023.0,25023.0,35753.0,35753.0,35753.0,35753.0,,,,,,,,,,,,,,34059.0,34059.0,34059.0,34059.0,34140.0,34140.0,34159.0,34057.0,34061.0,34029.0,34106.0,34192.0
ARM,ARMENIA,826.0,826.0,826.0,,845.0,,,732.0,711.0,711.0,711.0,711.0,842.0,845.0,845.0,845.0,845.0,845.0,845.0,845.0,845.0,845.0,845.0,845.0,845.0,845.0,845.0,845.0,845.0,845.0,845.0,845.0,845.0
AUS,AUSTRALIA,1829.0,1829.0,8615.0,9674.0,9661.0,9639.0,9639.0,9528.0,,9474.0,9514.0,9508.0,9499.0,,,9458.0,,,,,,,6612.0,7147.0,7196.0,7315.0,7450.0,7450.0,7450.0,7647.0,7638.0,7554.0,7592.0
AUT,AUSTRIA,4985.0,5021.0,5066.0,5784.0,5755.0,5818.0,5818.0,5781.0,5359.0,5655.0,5647.0,5600.0,5780.0,5345.0,5643.0,5672.0,5672.0,5672.0,5636.0,5600.0,5605.0,5623.0,5624.0,5641.0,5630.0,5747.0,5745.0,5766.0,5762.0,5773.0,5777.0,5811.0,5857.0
AZE,AZERBAIJAN,2068.0,2079.0,2079.0,2079.0,2099.0,,2122.0,2122.0,2122.0,,2122.0,2116.0,2116.0,2116.0,2117.0,,,,,,,,,,,,,,,,,,
BEL,BELGIUM,3575.0,3578.0,3578.0,3578.0,3513.0,3374.0,3560.0,3542.0,3536.0,3521.0,3518.0,3454.0,3471.0,3472.0,3410.0,3422.0,3380.0,3368.0,3396.0,3410.0,3432.0,3466.0,3479.0,3513.0,3554.0,3568.0,3618.0,3667.0,3776.0,3860.0,3928.0,3954.0,3978.0
BEN,BENIN,,,,,758.0,758.0,758.0,,,,,,,,,,,,,,,,,,,,,,,,,,
BFA,BURKINA FASO,622.0,622.0,622.0,622.0,622.0,622.0,622.0,622.0,,,,,,,,,,,,,,,,,,,,,,,,,
BGD,BANGLADESH,2835.0,2835.0,2835.0,2835.0,2835.0,2855.0,2855.0,2855.0,2855.0,2855.0,2765.0,2768.0,2768.0,2768.0,2733.51,2733.51,2706.1,2706.1,2706.01,2706.01,2745.65,2745.65,2745.65,2746.0,2745.65,2745.65,2818.0,2892.0,2892.0,2874.0,3105.0,3105.0,2874.0
BGR,BULGARIA,4070.0,3947.0,4098.0,4150.0,4159.0,4027.0,4155.0,4163.0,4259.0,4318.0,4318.0,4320.0,4320.0,4290.0,4290.0,4292.0,3979.0,3979.0,4146.0,4300.0,4299.0,4299.0,4299.0,4300.0,4300.0,4300.0,4294.0,4297.0,4278.0,4278.0,4273.0,4267.0,4341.0
BIH,BOSNIA AND HERZEGOWINA,1027.0,1026.0,1026.0,1016.0,1016.0,1103.0,1024.0,1000.0,1001.0,1032.0,1101.0,1101.0,1032.0,,,,,,,,,,,,,,,,,,,,
BLR,BELARUS,5462.0,5482.0,5503.0,5510.0,5491.0,5494.0,5494.0,5498.0,5498.0,5502.0,5512.0,5509.0,5512.0,5523.0,,5542.0,,5543.0,5543.0,4621.0,5567.0,5567.0,5569.0,5500.0,5500.0,5463.0,5459.0,5540.0,5443.0,5443.0,5446.0,5446.0,5512.0
BOL,BOLIVIA,,,,2866.0,2866.0,,,,,,,,,,,,,,,,,,,,,,,,,,,,
BRA,BRAZIL,29817.0,29817.0,29817.0,29817.0,29817.0,29487.0,29314.0,29314.0,,,,,,,,4183.0,4651.0,4651.0,4933.0,4933.0,4915.0,4915.0,4916.0,5123.0,4994.0,4899.0,5035.0,5072.0,5072.0,5072.0,5063.0,5052.0,5054.0
BWA,BOTSWANA,888.0,888.0,888.0,888.0,888.0,888.0,,,,,,,,,,,,,,,,,,,,,,,,,,,
CAN,CANADA,52002.0,52002.0,58345.0,58345.0,57216.0,57042.0,57481.0,57671.0,30726.2479871176,29220.6119162641,32655.3945249597,29826.0869565217,,,,23731.0,26560.0,,29525.8064516129,,,,32327.0,,,,50708.0,51745.0,51697.0,53605.0,52507.0,,
CHE,SWITZERLAND,3551.0,3574.0,3543.0,3544.0,3499.0,3619.0,3330.0,3252.0,3140.0,2990.0,2982.0,2959.0,2975.0,2902.0,2910.0,2939.0,2989.0,2987.0,2983.0,2983.0,2985.0,2982.0,2978.0,2994.0,2990.0,2990.0,2986.0,2986.0,2984.0,2961.0,2956.0,2952.0,2943.0
CHL,CHILE,5529.0,5520.0,5352.0,5352.0,5898.0,5898.0,5898.0,7928.0,5992.0,6330.0,6328.0,6623.0,,,,,,,,,,,6916.0,,,6969.0,7280.0,7227.0,7335.0,7493.0,7763.0,7763.0,7763.0
CHN,CHINA,66298.0,66050.0,66239.0,65491.0,60809.0,63637.0,63412.0,62200.0,61015.0,60446.0,59530.0,59079.0,58656.0,57923.0,57584.0,57566.0,56000.0,54616.0,53992.0,53802.0,53566.0,53416.0,53378.0,53187.0,52767.0,52611.0,52487.0,52119.0,51604.0,51604.0,50591.0,50182.0,49940.0
CIV,COTE D'IVOIRE,639.0,639.0,639.0,639.0,639.0,639.0,639.0,639.0,,,639.0,639.0,639.0,,,639.0,,639.0,651.0,651.0,651.0,650.0,709.0,1155.0,,1167.0,1167.0,1182.0,1182.0,1182.0,1182.0,1182.0,1180.0
CMR,CAMEROON,977.0,977.0,977.0,977.0,977.0,974.0,982.0,974.0,1016.0,1016.0,1016.0,1016.0,1006.0,1006.0,1006.0,1006.0,1006.0,1006.0,1006.0,1006.0,1106.0,1104.0,1104.0,1104.0,1104.0,1104.0,1115.0,1115.0,1115.0,1115.0,1143.0,1143.0,1143.0
COD,"CONGO, THE DRC",3641.0,3641.0,3641.0,3641.0,4007.0,3641.0,3641.0,3641.0,4499.0,,,,3641.0,4752.0,4752.0,4752.0,4752.0,4752.0,4752.0,4152.0,,,4511.0,4511.0,4511.0,4511.0,4511.0,4511.0,4511.0,4511.0,4511.0,4511.0,4511.0
COG,CONGO,,,,,795.0,795.0,795.0,795.0,795.0,,1026.0,900.0,900.0,,,,,609.0,706.0,600.0,510.0,510.0,,609.5,609.5,609.5,609.5,518.5,518.5,519.0,519.0,519.0,519.0
COL,COLOMBIA,,,,1672.0,1663.0,,2137.0,2137.0,,,,,,,,,3154.0,1800.0,1915.0,,,,2532.0,,,2616.0,2616.0,2622.0,2622.0,2680.0,2710.0,2822.0,2822.0
CRI,COSTA RICA,,,,,,,,,,,,,,,,,424.0,,,,,412.0,,,,480.0,568.0,568.0,568.0,568.0,568.0,568.0,568.0
CUB,CUBA,,,,5076.0,5076.0,,,,,,,,,,4667.0,,4667.0,,,,,,,4807.0,,,4161.0,,4226.0,,,,4382.0
CZE,CZECH REPUBLIC,9469.0,9470.0,9569.0,9539.0,9487.0,9491.0,9491.0,9513.0,9489.0,9501.0,9499.0,9444.0,9365.0,9365.0,9430.0,9430.0,9435.0,9430.0,9413.0,9441.0,,,,,,,,,,,,,
DEU,GERMANY,33509.0,33576.0,33708.0,33706.0,33862.0,33897.0,34128.0,34228.0,34715.0,36044.0,35804.0,35986.0,36652.0,37477.0,38127.0,38450.0,40826.0,41718.0,41401.0,,,,,,,,,,,,,,
DJI,DJIBOUTI,,,,,,,,781.0,,,,,,,,,,,,,,,,,,,,,,,,,
DNK,DENMARK,2131.0,2131.0,2131.0,2131.0,2133.0,2133.0,2011.0,2212.0,2212.0,2273.0,2273.0,2047.0,2047.0,2324.0,2264.0,2232.0,2349.0,2349.0,2349.0,2311.0,2306.0,2344.0,2344.0,2344.0,2476.0,2476.0,2471.0,2471.0,2448.0,2448.0,2015.0,2015.0,2015.0
DZA,ALGERIA,4691.0,4691.0,3512.0,4723.0,3572.0,3572.0,3572.0,3572.0,3572.0,,,,3793.0,3973.0,3973.0,3973.0,3973.0,4290.0,3945.0,3945.0,4290.0,4047.0,4293.0,3836.0,4135.0,3841.0,3841.0,3841.0,3841.0,3761.0,3761.0,3761.0,3907.0
EGY,EGYPT,5195.0,5195.0,5195.0,5195.0,5063.0,5195.0,5195.0,5150.0,5150.0,,5150.0,5125.0,5024.0,5026.0,5018.0,4976.0,4907.0,4810.0,4114.0,4570.0,4110.0,4751.0,4751.0,,,,5870.0,5763.0,4437.0,4437.0,4437.0,4437.0,4437.0
ESP,SPAIN,15665.0,15680.0,15317.0,15043.0,15046.0,14832.0,14635.0,14484.0,14395.0,14387.0,13856.0,13868.0,13866.0,14059.0,12303.0,12294.0,12284.0,12280.0,12646.0,12601.0,13041.0,12570.0,12560.0,12565.0,12550.0,12686.0,12721.0,12710.0,13575.0,13572.0,13572.0,13543.0,13450.0
EST,ESTONIA,792.0,792.0,787.0,929.0,816.0,962.0,801.0,959.0,959.0,959.0,967.0,967.0,968.0,968.0,,1000.0,1020.0,1021.0,1024.0,1024.0,1018.0,1026.0,1026.0,1026.0,1019.0,1019.0,1019.0,1019.0,1010.0,1010.0,1010.0,1010.0,993.0
ETH,ETHIOPIA,,,,,,,,,,,,,,,,,,,,,,781.0,781.0,781.0,781.0,781.0,781.0,781.0,781.0,781.0,781.0,781.0,781.0
FIN,FINLAND,5944.0,5944.0,5919.0,5919.0,5919.0,5899.0,5905.0,5732.0,5741.0,5851.0,5850.0,5850.0,5854.0,5836.0,5867.0,5865.0,5859.0,5880.0,5880.0,5885.0,5874.0,5874.0,5867.0,5884.0,5884.0,5900.0,5899.0,5900.0,5998.0,6000.0,6090.0,6092.0,6075.0
FRA,FRANCE,30013.0,34621.0,33608.0,33778.0,29901.0,29488.0,29547.0,29286.0,29246.0,29269.0,29352.0,29445.0,32515.0,31423.0,31727.0,31754.0,31700.0,31939.0,32275.0,32579.0,32731.0,33446.0,34070.0,34322.0,34563.0,34646.0,34639.0,34676.0,34688.0,34710.0,34595.0,34384.0,34362.0
GAB,GABON,810.0,810.0,810.0,810.0,810.0,810.0,810.0,810.0,731.0,731.0,,731.0,814.0,814.0,,814.0,814.0,683.0,683.0,683.0,683.0,683.0,683.0,684.0,650.0,648.0,648.0,341.0,341.0,341.0,341.0,341.0,341.0
GBR,UNITED KINGDOM,16423.0,16408.0,31471.0,16173.0,16321.0,16208.0,19966.0,16208.0,16116.0,,16652.0,16652.0,15991.0,16649.0,16659.0,16656.0,16666.0,16666.0,16536.0,16536.0,16528.0,16584.0,16588.0,16599.0,16630.0,16670.0,16729.0,16803.0,16964.0,17230.0,17431.0,17431.0,17645.0
GEO,GEORGIA,,1566.0,1566.0,1566.0,1513.0,1513.0,1336.0,1336.0,1575.0,1575.0,1565.0,1565.0,1562.0,1575.0,1575.0,1575.0,1575.0,1575.0,,1583.0,1583.0,,1583.0,,,,,1465.0,,,,,
GHA,GHANA,,,,,953.0,,,,977.0,977.0,,,953.0,,,,,,,,,,953.0,,,950.0,950.0,950.0,950.0,950.0,950.0,950.0,950.0
GRC,GREECE,2554.0,2554.0,2552.0,1552.0,2552.0,2551.0,2509.0,2576.0,2449.0,2414.0,2383.0,2377.0,2299.0,2299.0,2299.0,2503.0,2474.0,2850.0,2497.0,2497.0,2484.0,2484.0,2484.0,2479.0,2479.0,2479.0,2461.0,2461.0,2461.0,2461.0,2461.0,2461.0,2461.0
HRV,CROATIA (LOCAL NAME: HRVATSKA),2722.0,2722.0,2722.0,2723.0,2722.0,2722.0,2722.0,2726.0,2726.0,2726.0,2726.0,2727.0,2727.0,2726.0,2726.0,2726.0,2480.66,2296.0,1907.0,1907.0,2699.0,2911.0,2429.0,2444.0,2441.0,2441.0,2441.0,2441.0,2437.0,2437.0,2437.0,2437.0,2437.0
HUN,HUNGARY,7877.0,7906.0,7893.0,7793.0,7942.0,7960.0,7932.0,7950.0,7730.0,7730.0,7729.0,7516.0,8004.0,7768.0,7768.0,7768.0,7768.0,7606.0,7606.4,7607.0,7726.5,7684.4,7617.3,7618.9,7613.6,7618.6,7616.1,7616.7,7616.0,7612.2,7611.1,7617.0,7613.5
IDN,INDONESIA,4684.0,4684.0,,,3370.0,,,,,,,,,,5324.0,5324.0,5041.0,5041.0,5041.0,4992.0,4992.0,4992.0,,,,6458.0,6458.0,6458.0,6458.0,6458.0,6458.0,6458.0,6458.0
IND,INDIA,64460.0,64460.0,63974.0,63273.0,63327.0,63327.0,63332.0,63465.0,63200.0,63122.0,63140.0,63028.0,62759.0,62759.34,63506.0,62725.0,62725.0,62660.0,62461.0,62462.0,62486.0,62458.0,62367.0,62211.0,61985.0,61976.0,61813.0,61836.0,61850.0,61460.0,61385.0,61230.0,61240.0
IRL,IRELAND,1919.0,1919.0,1919.0,1919.0,1919.0,1919.0,1919.0,1919.0,1919.0,1919.0,1919.0,1919.0,1915.0,1909.0,1945.0,1945.0,1945.0,1954.0,1947.0,1947.0,1944.0,1944.0,1944.0,1944.0,1944.0,1944.0,1944.0,1944.0,1944.0,1987.0,1987.0,1987.0,1987.0
IRN,IRAN (ISLAMIC REPUBLIC OF),8368.0,8368.0,6073.0,7555.0,7335.0,7265.0,7265.0,7131.0,6405.0,6152.0,6151.0,7944.0,6688.0,6398.0,6264.0,5995.0,5612.0,5332.0,5226.0,5022.0,4847.0,4847.0,4847.0,4569.0,4569.0,4568.0,4567.0,4567.0,4567.0,4567.0,4567.0,4567.0,4567.0
IRQ,IRAQ,2138.0,2138.0,2025.0,2025.0,2032.0,1898.0,1898.0,,,,,,,,,,,,,,,,,,,,,,,,,,
ISR,ISRAEL,1079.0,1079.0,1034.0,1005.0,1005.0,958.0,905.0,899.0,853.0,615.0,676.0,676.0,,,,610.0,,610.0,596.0,573.0,573.0,574.0,574.0,,869.0,869.0,865.0,859.0,859.0,859.0,851.0,827.0,
ITA,ITALY,17060.0,17045.0,18011.0,16959.0,16862.0,16668.0,16833.0,16751.0,15916.0,15965.0,15985.0,16035.0,16499.0,16108.0,16080.0,16031.0,16014.0,16003.0,16002.0,15942.0,16112.0,16066.0,16086.0,16030.0,16015.0,15983.0,16068.0,16485.0,16420.0,16475.0,16473.0,16162.0,16138.0
JOR,JORDAN,509.0,509.0,294.0,294.0,251.0,293.0,293.0,293.0,291.0,,292.0,292.0,292.0,292.0,293.0,293.0,293.0,293.0,293.0,293.0,293.0,292.0,292.0,292.0,292.0,292.0,293.0,293.0,293.0,293.0,291.0,270.0,270.0
JPN,JAPAN,20140.0,20140.0,20035.0,20036.0,20048.0,20050.0,20050.0,20096.0,20060.0,20067.0,20096.0,20158.0,20165.0,,,20175.0,,20134.0,20255.0,20252.0,20254.0,20252.0,20254.0,20341.0,20934.0,21209.0,21961.0,22801.0,23103.0,23305.0,23371.0,22597.0,22236.0
KAZ,KAZAKHSTAN,14319.0,14184.0,14202.0,14205.0,14205.0,14205.0,14205.0,14204.0,13770.0,13770.0,13597.0,,13545.0,,,13660.0,,,,13528.0,14405.2,14455.6,14465.2,,,,,,,,,,
KEN,KENYA,,,,,,,1917.0,1917.0,2634.0,,2634.0,2634.0,2634.0,2740.0,2740.0,2740.0,2740.0,2740.0,2740.0,2065.0,2065.0,2065.0,2065.0,2065.0,2084.0,2084.3,2084.3,2084.3,2084.0,2101.0,2101.0,2101.0,2101.0
KGZ,KYRGYZSTAN,417.0,417.0,417.0,417.0,417.0,417.0,417.0,,,,,,,,,,,,,,,,,,,,,,,,,,
KHM,CAMBODIA,,,,,,,,650.0,603.0,,603.0,,601.0,600.0,600.0,600.0,600.0,600.0,600.0,600.0,600.0,600.0,600.0,,,,,,,,,,
KOR,"KOREA, REPUBLIC OF",3650.0,3637.0,3379.0,3378.0,3381.0,3399.0,3392.0,3392.0,3129.0,3140.0,3129.0,3123.0,3123.0,,3120.0,3118.0,3100.0,3101.0,3101.0,3098.0,3092.0,3091.0,3091.0,3131.0,3150.0,3130.0,3113.0,3114.0,3117.0,3117.0,3121.0,3121.0,3135.0
LKA,SRI LANKA,,,,,1463.0,,,,1449.0,,,,,1447.0,1491.0,1491.0,1491.0,1491.0,1491.0,1491.0,1491.0,1462.0,1453.0,1453.0,1453.0,1453.0,1453.0,1453.0,1453.0,1453.0,1453.0,1453.0,1453.0
LTU,LITHUANIA,1767.0,1767.0,1767.0,1767.0,1765.0,1766.0,1771.0,1775.0,1782.0,1774.0,1775.0,1282.0,1905.0,1905.0,1905.0,1998.0,1997.0,2002.0,2002.0,2002.0,2002.0,2007.0,2007.0,2005.0,1990.0,1990.0,2014.0,2014.0,2014.0,2014.0,2040.0,2025.0,2008.0
LUX,LUXEMBURG,275.0,275.0,275.0,275.0,275.0,275.0,275.0,275.0,,,,,,,,,,,,,,,,,,,,,,,,,
LVA,LATVIA,1860.0,1865.0,1897.0,1885.0,2263.0,2269.0,2374.0,2375.0,2270.0,2270.0,2269.0,2305.0,2331.0,2417.0,2417.0,2417.0,2417.0,2413.0,2413.0,2413.0,2406.0,2397.0,2397.0,2397.0,,,,2384.0,2384.0,2384.0,2384.0,2384.0,2384.0
MAR,MOROCCO,2109.0,2109.0,2109.0,2110.0,1989.0,1907.0,1907.0,1907.0,1907.0,1907.0,1907.0,1907.0,1907.0,1907.0,1907.0,1907.0,1907.0,1907.0,1907.0,1907.0,1907.0,1893.0,1893.0,1893.0,1893.0,1893.0,1779.0,1779.0,1779.0,1779.0,1779.0,1779.0,1756.0
MDA,"MOLDOVA, REPUBLIC OF",1157.0,1157.0,1157.0,1157.0,1156.0,1154.0,1154.0,1075.0,,,,,,,,,,,,,,,,,,,,,,,,,
MDG,MADAGASCAR,,,,,854.0,,,,,,,,,,,,,,,,,,,,,,,,,,,,
MEX,MEXICO,26704.0,26704.0,26704.0,26704.0,26677.0,26662.0,26662.0,26662.0,,,,,,,,,26613.0,20688.0,20477.0,20445.0,20425.0,20324.0,20351.0,20351.0,15825.0,15783.0,15783.0,15488.0,15486.0,15480.0,15482.0,14124.0,14225.0
MKD,MACEDONIA,,699.0,699.0,699.0,699.0,699.0,699.0,699.0,699.0,699.0,699.0,699.0,699.0,699.0,699.0,699.0,696.842105263158,699.0,699.0,699.0,699.0,699.0,696.0,696.0,696.0,696.0,696.0,696.0,696.0,696.0,696.0,696.0,696.0
MLI,MALI,,,,,,,,,,,733.0,734.0,734.0,,,729.0,,,,,642.0,642.0,642.0,642.0,642.0,642.0,642.0,642.0,642.0,642.0,642.0,642.0,642.0
MMR,MYANMAR (Burma)Â ,,,,,,,,,,,,,,,,,,,,,,3335.93548387097,3335.93548387097,3185.0,3185.0,3185.0,3185.0,3185.0,3185.0,3185.0,3185.0,3185.0,3185.0
MNG,MONGOLIA,1818.0,1818.0,1814.0,1814.0,1810.0,1810.0,1810.0,1810.0,,,1810.0,,1810.0,,,1810.0,,,,1920.0,1920.0,1920.0,1920.0,1920.0,1920.0,1920.0,1748.0,1748.0,,,,,1697.0
MOZ,MOZAMBIQUE,3116.0,3116.0,3116.0,3116.0,3116.0,3070.0,3070.0,3070.0,,,,,,,,,,,,,,,,,,,,,,,,,
MRT,MAURITANIA,728.0,728.0,728.0,728.0,728.0,,,717.0,,,,,,,,,,,,,,,,,,,,,,,,,
MWI,MALAWI,,,,,797.0,,,,710.0,710.0,710.0,710.0,710.0,710.0,710.0,710.0,710.0,789.0,789.0,789.0,789.0,789.0,789.0,789.0,789.0,789.0,789.0,789.0,789.0,789.0,789.0,789.0,789.0
MYS,MALAYSIA,2250.0,1987.0,1665.0,1665.0,1665.0,1667.0,1667.0,1657.0,1667.0,1667.0,1636.0,1636.0,1622.0,,1648.0,1648.0,1668.0,1668.0,1668.0,1668.0,1668.0,1668.0,1668.0,1668.0,1668.0,1668.0,1668.0,1668.0,1668.0,1668.0,1639.0,1639.0,1639.0
NAM,NAMIBIA,,,,,,,,,,,,,,,,,,2382.0,2382.0,2382.0,2382.0,2382.0,2382.0,,,,,,,,,,
NGA,NIGERIA,,,,,,3528.0,3528.0,3528.0,3505.0,3505.0,3505.0,,3557.0,,,3505.0,,3557.0,3054.0,3054.0,3054.0,3557.0,,3512.0,3512.0,3512.0,3512.0,3512.0,3512.0,3512.0,3512.0,3512.0,3512.0
NLD,NETHERLANDS,3016.0,3016.0,3016.0,2886.0,2896.0,2776.0,2776.0,2813.0,2811.0,2811.0,2806.0,2809.0,2802.0,2808.0,2808.0,2805.0,2813.0,2813.0,2757.0,2757.0,2753.0,2780.0,2798.0,2828.0,2828.0,2809.0,2817.0,2824.0,2852.0,2852.0,2850.0,2880.0,2880.0
NOR,NORWAY,4154.0,4154.0,4114.0,4114.0,4114.0,4087.0,4043.0,4087.0,,,,,,,,,,,,,,,,,,,,,,,,,
NZL,NEW ZEALAND,,,,,,,,,,,,,,3913.0,3913.0,3913.0,3913.0,3913.0,3913.0,3913.0,3913.0,3913.0,4029.0,4029.0,4257.0,4165.0,4219.0,4273.0,4273.0,4332.0,4418.0,4433.0,4478.0
PAK,PAKISTAN,7791.0,7791.0,7791.0,7791.0,7791.0,7791.0,7791.0,7791.0,7791.0,7791.0,7791.0,7791.0,7791.0,7791.0,7791.0,7791.0,7791.0,8774.87,8774.87,8774.87,8774.87,8774.87,8774.87,8774.87,8774.87,8774.0,8784.0,8784.0,8832.0,8832.0,8832.0,8817.0,8817.0
PER,PERU,1929.0,1929.0,2020.0,2020.0,2020.0,,2177.0,2177.0,,,,,,,,1691.0,1691.02,1609.0,1609.9,,1611.1,1611.1,1611.1,1672.5,1672.5,1672.5,1672.5,1720.0,1888.0,1888.0,1888.0,1888.0,
PHL,PHILIPPINES,,,,,479.0,,,,491.0,491.0,491.0,491.0,491.0,491.0,491.0,468.0,456.0,456.0,479.0,479.0,479.0,479.0,479.0,,,,,,,,,,
POL,POLAND,19617.0,19725.0,19702.0,19764.0,19627.0,19419.0,19429.0,19599.0,19576.0,19900.0,20223.0,20134.0,22560.0,22891.0,,22285.0,22285.0,23986.0,24313.0,24926.0,23399.0,25848.0,26228.0,26644.0,26545.0,26637.0,27064.0,27092.0,27070.0,27176.0,27158.0,27172.0,27185.0
PRT,PORTUGAL,2541.0,2793.0,2843.0,2842.0,2842.0,2838.0,2839.0,2839.0,2849.0,2818.0,2881.0,2814.0,2814.0,2813.0,2856.0,2856.0,2850.0,2850.0,2699.0,3062.0,3062.0,3116.0,3064.0,3064.0,3608.0,3608.0,3603.0,3603.0,3613.0,3613.0,3613.0,3616.0,3609.0
ROU,ROMANIA,10777.0,10777.0,13620.0,10776.0,10784.0,10646.0,10781.0,10781.0,10844.0,11077.0,11364.0,11364.0,11364.0,11364.0,11364.0,11380.0,11376.0,11376.0,11374.0,11380.0,11430.0,11365.0,11348.0,11343.0,11298.0,11275.0,11221.0,11192.0,11169.0,11108.0,11125.0,11093.0,11110.0
RUS,RUSSIA,84249.0,85167.0,85292.0,85194.0,84158.0,84158.0,92217.0,85542.0,85286.0,85500.0,85542.0,85835.0,86075.0,86000.0,86151.0,86660.0,87543.0,87543.0,87543.0,87543.0,87500.0,85969.0,85969.0,,,,,,,,,,82600.0
SAU,SAUDI ARABIA,1412.0,1412.0,1020.0,1020.0,2758.0,1412.0,1020.0,1020.0,1390.0,1390.0,1078.0,1390.0,958.0,1018.0,1018.0,1018.0,1018.0,1018.0,1018.0,1018.0,1018.0,1005.0,1005.0,1017.0,1017.0,1016.0,1028.0,1028.0,1028.0,842.0,561.0,561.0,563.0
SDN,SUDAN,4313.0,4708.0,4508.0,4508.0,4578.0,5478.0,5478.0,5478.0,5478.0,,4578.0,5901.0,4599.0,,,4595.0,,4595.0,,,,4784.0,4784.0,,,,4764.0,4786.0,4786.0,4786.0,4786.0,4786.0,4786.0
SEN,SENEGAL,,,,,,,,,,,,,906.0,,,906.0,,906.0,906.0,904.0,906.0,906.0,906.0,906.0,906.0,904.0,1034.0,1034.0,1034.0,1034.0,1034.0,1034.0,1034.0
SRB,SERBIA,4048.0,4058.0,4058.0,4058.0,4058.0,4057.0,4067.0,4057.0,3809.0,3809.0,3900.0,3900.0,4058.0,4059.0,4059.0,4031.0,4031.0,4031.0,4281.0,3987.0,3960.0,4300.0,9490.0,9567.0,9349.0,9270.0,9246.0,9283.0,9279.0,9409.0,9389.0,9393.0,9465.0
SVK,SLOVAKIA (SLOVAK REPUBLIC),3593.0,3624.0,3587.0,3623.0,3592.0,3629.0,3658.0,3659.0,3660.0,3657.0,3657.0,3662.0,3662.0,3662.0,3667.0,3823.0,3673.0,3668.0,3665.0,3661.0,,,,,,,,,,,,,
SVN,SLOVENIA,1209.0,1209.0,1228.0,1228.0,1228.0,1228.0,1228.0,1228.0,1229.0,1229.0,1229.0,1229.0,1202.0,1201.0,1201.0,1201.0,1201.0,1201.0,1201.0,1201.0,1201.0,1201.0,1196.0,1196.0,1100.0,1100.0,1100.0,1058.0,1058.0,1058.0,1058.0,1058.0,1058.0
SWE,SWEDEN,9944.0,10014.0,9957.0,9946.0,9830.0,9821.0,9957.0,9867.0,9895.0,9882.0,9857.0,9865.0,10068.0,10221.0,10216.0,10228.0,10158.0,9782.0,9661.0,10361.0,9846.0,10970.0,10081.0,11022.0,11076.0,11194.0,11236.0,11266.0,11637.0,11760.0,11760.0,11340.0,11377.0
SWZ,SWAZILAND,300.0,300.0,300.0,300.0,300.0,,,,,,,,,,,,,,,,,,,,,,,,,,,,
SYR,SYRIAN ARAB REPUBLIC,2139.0,2139.0,2139.0,1801.0,2139.0,2043.0,2043.0,2702.0,,1888.0,2450.0,1771.0,1771.0,1525.0,1525.0,1525.0,1525.0,1525.0,1525.0,1525.0,2408.0,2398.0,2387.0,2387.0,2333.0,2277.0,2247.0,2142.0,1684.0,1677.0,1617.0,1555.0,1545.0
THA,THAILAND,5327.0,5327.0,4429.0,4429.0,4429.0,,,,4044.0,4044.0,4044.0,4044.0,4103.0,4044.0,4044.0,4041.0,4041.0,4041.0,3870.0,3870.0,3870.0,3861.0,3861.0,3728.0,3818.0,3728.0,3728.0,3735.0,3735.0,3735.0,3735.0,3735.0,3735.0
TJK,TAJIKISTAN,621.0,621.0,621.0,616.0,616.0,,616.0,616.0,,,,,,,,,,,,,,,,,,,,,,,,,
TKM,TURKMENISTAN,3115.0,3115.0,3115.0,3095.0,3181.0,3069.0,2529.0,2529.0,,,,,,,,,,,,,,,,,,,,,,,,,
TUN,TUNISIA,2165.0,2165.0,1119.0,1991.0,2218.0,2218.0,2218.0,1909.0,1909.0,1909.0,1909.0,2163.0,2260.0,2000.0,1860.0,1820.0,1820.0,1860.0,1941.0,1941.0,2278.0,2270.0,2270.0,2270.0,2253.0,2253.0,2227.0,2211.0,2211.0,2186.0,2180.0,2051.0,2047.0
TUR,TURKEY,9642.0,9642.0,9594.0,8686.0,8699.0,8697.0,8697.0,8697.0,8697.0,8697.0,8671.0,8671.0,8671.0,8682.0,8607.0,8607.0,8607.0,8549.0,8452.0,8430.0,8430.0,8429.0,8429.0,8430.0,8164.0,8169.0,8170.0,8169.0,8169.0,8169.0,8156.0,8193.0,8193.0
TZA,"TANZANIA, UNITED REPUBLIC OF",,,,,,,2600.0,2600.0,4582.0,4582.0,4582.0,4582.0,4582.0,4581.5,2722.0,2722.0,2605.0,4465.0,4460.0,4460.0,4460.0,4460.0,4444.0,4444.0,4444.0,4444.0,4444.0,4444.0,4444.0,4444.0,4444.0,4444.0,4444.0
UGA,UGANDA,,,,,,,,,259.0,,259.0,259.0,261.0,,,1250.0,,1250.0,1241.0,1241.0,1241.0,1241.0,1232.0,1232.0,1232.0,1232.0,1232.0,1232.0,1232.0,1232.0,1232.0,1232.0,1232.0
UKR,UKRAINE,21643.0,21665.0,21705.0,21678.0,21676.0,21891.0,22001.0,22001.0,22011.0,,22079.0,22219.0,22302.0,22473.0,22510.0,22546.0,22602.0,22607.0,22564.0,22625.0,22631.0,22795.0,23316.0,22759.0,22800.0,22700.0,22700.0,22698.0,22698.0,22650.0,22650.0,22650.0,22600.0
URY,URUGUAY,,,,,2993.0,,,,3003.0,3003.0,3003.0,3003.0,3003.0,3003.0,3003.0,3003.0,3003.0,,,2993.3,2991.0,2991.0,2991.0,2991.0,2991.0,2991.0,2991.0,2991.0,3002.0,3001.0,3010.0,3050.0,3005.0
USA,UNITED STATES,228218.0,228218.0,228513.0,226205.0,227058.0,226706.0,227187.0,228999.0,156737.520128824,159095.00805153,160703.703703704,157515.297906602,159822.0,160112.721417069,161948.47020934,164457.32689211,170199.517296862,174619.35483871,176341.935483871,178104.838709677,182348.387096774,188106.451612903,193158.064516129,200380.64516129,205733.870967742,213258.064516129,225904.838709677,235103.225806452,245158.064516129,251417.741935484,256650.0,261548.387096774,265841.935483871
UZB,UZBEKISTAN,4192.0,4258.0,4227.0,4230.0,4230.0,4005.0,4014.0,4014.0,4126.0,,4126.0,,3645.0,3641.0,3641.0,3641.0,,,,,,,,,,,,,,,,,
VEN,VENEZUELA,,,,,336.0,336.0,336.0,,,,,,336.0,,,,396.0,,,,,,,,,,,,,,,,
VNM,VIET NAM,2347.0,2347.0,2347.0,2347.0,3147.0,3147.0,3147.0,2671.0,2600.0,2652.0,2545.0,,3142.0,2832.0,2832.0,2831.7,2831.7,2831.7,2831.7,2831.7,2831.7,2831.7,2831.7,2831.7,2831.7,2831.7,2831.7,,,,,,
ZAF,SOUTH AFRICA,20500.0,20500.0,22051.0,22051.0,24487.0,24487.0,20047.0,20047.0,20247.0,20041.0,22657.0,22657.0,22657.0,20070.0,20189.0,20189.0,20319.0,20319.0,22621.0,22233.0,21635.0,21635.0,21617.063,21244.0,23507.0,23607.0,23790.0,23821.0,23720.0,23664.0,23581.0,23596.0,23596.0
ZMB,ZAMBIA,,,,,,,,,1273.0,1273.0,1273.0,1273.0,1273.0,1273.0,1273.0,1273.0,1273.0,1273.0,1273.0,1273.0,1273.0,1273.0,1273.0,1273.0,1273.0,1278.0,1278.0,1278.0,1278.0,1115.0,1115.0,1115.0,
ZWE,ZIMBABWE,,,,,2583.0,,,,,,,,,,,2759.0,2759.0,2759.0,2759.0,2759.0,2759.0,2759.0,2759.0,2759.0,2759.0,2759.0,2759.0,3394.0,3394.0,3394.0,3394.0,3394.0,3394.0
