Country code,Country name,2013,2012,2011,2010,2009,2008,2007,2006,2005,2004,2003,2002,2001,2000,1999,1998,1997,1996,1995,1994,1993,1992,1991,1990,1989,1988,1987,1986,1985,1984,1983,1982,1981,1980,1979,1978,1977,1976,1975,1974,1973,1972,1971,1970,1969,1968,1967,1966,1965,1964,1963,1962,1961,1960
ABW,ARUBA,73.6288,74.588,75.6546,76.7212,77.7878,78.8544,79.921,81.121,82.321,83.521,84.721,85.921,86.2546,86.5882,86.9218,87.2554,87.589,87.9434,88.2978,88.6522,89.0066,89.361,89.7196,90.0782,90.4368,90.7954,91.154,92.2546,93.3552,94.4558,95.5564,96.657,98.4278,100.1986,101.9694,103.7402,105.511,109.0478,112.5846,116.1214,119.6582,123.195,128.9474,134.6998,140.4522,146.2046,151.957,155.6082,159.2594,162.9106,166.5618,170.213,175.8484,181.4838
AFG,AFGHANISTAN,231.5058,235.388,240.445,245.502,250.559,255.616,260.673,266.152,271.631,277.11,282.589,288.068,292.3896,296.7112,301.0328,305.3544,309.676,316.2388,322.8016,329.3644,335.9272,342.49,351.371,360.252,369.133,378.014,386.895,395.767,404.639,413.511,422.383,431.255,437.2646,443.2742,449.2838,455.2934,461.303,466.822,472.341,477.86,483.379,488.898,494.9818,501.0656,507.1494,513.2332,519.317,525.8016,532.2862,538.7708,545.2554,551.74,558.3968,565.0536
AGO,ANGOLA,324.5962,328.404,332.8742,337.3444,341.8146,346.2848,350.755,354.6716,358.5882,362.5048,366.4214,370.338,375.75,381.162,386.574,391.986,397.398,398.5284,399.6588,400.7892,401.9196,403.05,403.1414,403.2328,403.3242,403.4156,403.507,406.1854,408.8638,411.5422,414.2206,416.899,417.9708,419.0426,420.1144,421.1862,422.258,426.828,431.398,435.968,440.538,445.108,449.6822,454.2564,458.8306,463.4048,467.979,472.6518,477.3246,481.9974,486.6702,491.343,496.1142,500.8854
ALB,ALBANIA,49.2874,49.896,50.5774,51.2588,51.9402,52.6216,53.303,53.2242,53.1454,53.0666,52.9878,52.909,56.6838,60.4586,64.2334,68.0082,71.783,72.8388,73.8946,74.9504,76.0062,77.062,75.793,74.524,73.255,71.986,70.717,74.5434,78.3698,82.1962,86.0226,89.849,93.6684,97.4878,101.3072,105.1266,108.946,112.0748,115.2036,118.3324,121.4612,124.59,126.425,128.26,130.095,131.93,133.765,132.7428,131.7206,130.6984,129.6762,128.654,139.8564,151.0588
ARE,UNITED ARAB EMIRATES,58.3668,59.203,60.2782,61.3534,62.4286,63.5038,64.579,67.5624,70.5458,73.5292,76.5126,79.496,82.7214,85.9468,89.1722,92.3976,95.623,98.7864,101.9498,105.1132,108.2766,111.44,114.6266,117.8132,120.9998,124.1864,127.373,130.8142,134.2554,137.6966,141.1378,144.579,148.3872,152.1954,156.0036,159.8118,163.62,167.9256,172.2312,176.5368,180.8424,185.148,190.139,195.13,200.121,205.112,210.103,216.023,221.943,227.863,233.783,239.703,246.8484,253.9938
ARG,ARGENTINA,78.1358,79.133,80.0364,80.9398,81.8432,82.7466,83.65,85.1594,86.6688,88.1782,89.6876,91.197,92.0024,92.8078,93.6132,94.4186,95.224,96.5226,97.8212,99.1198,100.4184,101.717,103.4698,105.2226,106.9754,108.7282,110.481,111.4324,112.3838,113.3352,114.2866,115.238,117.2714,119.3048,121.3382,123.3716,125.405,126.998,128.591,130.184,131.777,133.37,134.9964,136.6228,138.2492,139.8756,141.502,142.709,143.916,145.123,146.33,147.537,151.892,156.247
ARM,ARMENIA,77.3376,78.013,78.666,79.319,79.972,80.625,81.278,82.9598,84.6416,86.3234,88.0052,89.687,93.8148,97.9426,102.0704,106.1982,110.326,113.1684,116.0108,118.8532,121.6956,124.538,127.4816,130.4252,133.3688,136.3124,139.256,131.6024,123.9488,116.2952,108.6416,100.988,100.8936,100.7992,100.7048,100.6104,100.516,99.7424,98.9688,98.1952,97.4216,96.648,98.924,101.2,103.476,105.752,108.028,111.809,115.59,119.371,123.152,126.933,131.9248,136.9166
ATG,ANTIGUA AND BARBUDA,109.2358,110.91,112.4402,113.9704,115.5006,117.0308,118.561,120.4754,122.3898,124.3042,126.2186,128.133,130.1998,132.2666,134.3334,136.4002,138.467,140.7068,142.9466,145.1864,147.4262,149.666,152.0776,154.4892,156.9008,159.3124,161.724,164.3296,166.9352,169.5408,172.1464,174.752,177.5618,180.3716,183.1814,185.9912,188.801,191.8268,194.8526,197.8784,200.9042,203.93,207.1854,210.4408,213.6962,216.9516,220.207,223.7112,227.2154,230.7196,234.2238,237.728,241.326,244.924
AUS,AUSTRALIA,,,,,47.282,46.274,47.457,47.131,47.039,48.948,50.234,53.056,53.151,55.448,55.394,57.438,60.024,59.737,60.267,61.374,62.051,65.404,65.611,67.043,70.278,72.764,72.819,74.849,78.64,75.427,79.508,82.818,81.046,84.307,87.011,92.445,96.834,98.221,101.013,107.527,105.453,108.406,113.131,117.004,113.527,116.731,117.011,119.336,117.299,118.666,115.795,112.499,109.11,115.893
AUT,AUSTRIA,,,,48.488,49.868,50.111,51.706,51.582,54.979,54.974,59.5,58.777,60.189,63.086,63.655,62.302,61.936,67.344,67.807,70.396,72.383,71.571,73.028,74.515,73.305,73.124,76.616,80.393,82.648,83.971,90.61,89.881,89.612,91.553,92.152,93.223,96.938,98.131,99.27,99.87,100.93,101.461,103.892,107.566,110.577,105.005,108.787,108.257,109.451,108.695,112.629,113.059,112.97,117.967
AZE,AZERBAIJAN,87.0278,87.723,88.5494,89.3758,90.2022,91.0286,91.855,97.6136,103.3722,109.1308,114.8894,120.648,119.3904,118.1328,116.8752,115.6176,114.36,115.007,115.654,116.301,116.948,117.595,107.2476,96.9002,86.5528,76.2054,65.858,66.7136,67.5692,68.4248,69.2804,70.136,69.602,69.068,68.534,68.0,67.466,66.7252,65.9844,65.2436,64.5028,63.762,64.9834,66.2048,67.4262,68.6476,69.869,71.7228,73.5766,75.4304,77.2842,79.138,81.4326,83.7272
BDI,BURUNDI,296.64,301.781,313.45,325.119,336.788,348.457,360.126,371.7648,383.4036,395.0424,406.6812,418.32,419.3152,420.3104,421.3056,422.3008,423.296,416.4698,409.6436,402.8174,395.9912,389.165,379.4186,369.6722,359.9258,350.1794,340.433,340.1824,339.9318,339.6812,339.4306,339.18,342.4204,345.6608,348.9012,352.1416,355.382,359.8546,364.3272,368.7998,373.2724,377.745,379.233,380.721,382.209,383.697,385.185,388.4032,391.6214,394.8396,398.0578,401.276,404.5598,407.8436
BEL,BELGIUM,,57.004,59.442,59.248,61.088,61.637,63.042,61.1,62.195,62.807,65.407,66.935,67.762,68.603,67.424,70.915,70.726,70.636,71.335,73.234,71.632,73.369,72.279,75.066,76.562,76.649,78.651,82.038,81.79,83.767,88.361,88.479,88.339,90.859,93.705,96.095,96.093,98.688,100.222,99.246,100.638,102.257,102.812,105.342,106.736,106.235,104.835,107.443,108.226,106.719,108.092,109.022,104.904,109.744
BEN,BENIN,225.8796,227.631,229.6344,231.6378,233.6412,235.6446,237.648,241.6642,245.6804,249.6966,253.7128,257.729,257.5012,257.2734,257.0456,256.8178,256.59,252.3976,248.2052,244.0128,239.8204,235.628,240.2006,244.7732,249.3458,253.9184,258.491,266.463,274.435,282.407,290.379,298.351,302.6658,306.9806,311.2954,315.6102,319.925,327.603,335.281,342.959,350.637,358.315,368.4894,378.6638,388.8382,399.0126,409.187,417.6816,426.1762,434.6708,443.1654,451.66,457.518,463.376
BFA,BURKINA FASO,257.3012,260.644,264.2964,267.9488,271.6012,275.2536,278.906,282.4318,285.9576,289.4834,293.0092,296.535,297.5546,298.5742,299.5938,300.6134,301.633,301.5718,301.5106,301.4494,301.3882,301.327,298.7584,296.1898,293.6212,291.0526,288.484,288.358,288.232,288.106,287.98,287.854,301.5316,315.2092,328.8868,342.5644,356.242,364.09,371.938,379.786,387.634,395.482,401.4518,407.4216,413.3914,419.3612,425.331,430.6658,436.0006,441.3354,446.6702,452.005,457.826,463.647
BGD,BANGLADESH,122.2322,125.571,129.1496,132.7282,136.3068,139.8854,143.464,146.8702,150.2764,153.6826,157.0888,160.495,164.3448,168.1946,172.0444,175.8942,179.744,183.81,187.876,191.942,196.008,200.074,204.0906,208.1072,212.1238,216.1404,220.157,224.16,228.163,232.166,236.169,240.172,244.2768,248.3816,252.4864,256.5912,260.696,267.5086,274.3212,281.1338,287.9464,294.759,296.5612,298.3634,300.1656,301.9678,303.77,308.2486,312.7272,317.2058,321.6844,326.163,330.7552,335.3474
BGR,BULGARIA,,,,88.259,87.552,88.953,91.442,93.409,92.411,92.409,91.517,93.982,94.995,98.77,99.09,98.614,106.581,99.882,99.894,98.323,94.933,99.154,96.694,98.031,95.678,97.619,94.946,95.598,98.306,98.28,95.48,98.377,97.129,98.616,99.424,99.604,97.41,96.224,96.148,97.386,95.89,99.431,101.51,99.985,103.584,100.316,100.948,100.698,101.441,102.137,108.752,113.264,111.441,114.233
BHR,BAHRAIN,60.7106,61.436,62.3146,63.1932,64.0718,64.9504,65.829,67.5778,69.3266,71.0754,72.8242,74.573,76.463,78.353,80.243,82.133,84.023,86.0012,87.9794,89.9576,91.9358,93.914,96.0094,98.1048,100.2002,102.2956,104.391,106.799,109.207,111.615,114.023,116.431,119.4894,122.5478,125.6062,128.6646,131.723,135.7062,139.6894,143.6726,147.6558,151.639,156.927,162.215,167.503,172.791,178.079,185.257,192.435,199.613,206.791,213.969,223.8412,233.7134
BHS,BAHAMAS,120.5574,122.431,124.4212,126.4114,128.4016,130.3918,132.382,133.6762,134.9704,136.2646,137.5588,138.853,140.2468,141.6406,143.0344,144.4282,145.822,145.9678,146.1136,146.2594,146.4052,146.551,147.6252,148.6994,149.7736,150.8478,151.922,153.958,155.994,158.03,160.066,162.102,164.2904,166.4788,168.6672,170.8556,173.044,175.3982,177.7524,180.1066,182.4608,184.815,187.349,189.883,192.417,194.951,197.485,200.2144,202.9438,205.6732,208.4026,211.132,214.0742,217.0164
BIH,BOSNIA AND HERZEGOWINA,66.8942,67.756,68.6684,69.5808,70.4932,71.4056,72.318,73.188,74.058,74.928,75.798,76.668,79.0262,81.3844,83.7426,86.1008,88.459,92.9786,97.4982,102.0178,106.5374,111.057,109.714,108.371,107.028,105.685,104.342,105.3892,106.4364,107.4836,108.5308,109.578,110.6108,111.6436,112.6764,113.7092,114.742,118.0008,121.2596,124.5184,127.7772,131.036,134.9288,138.8216,142.7144,146.6072,150.5,154.1658,157.8316,161.4974,165.1632,168.829,171.9762,175.1234
BLR,BELARUS,95.303,97.577,114.428,112.172,113.303,111.716,115.618,122.493,127.984,128.981,130.918,137.386,130.341,125.352,134.829,130.867,130.663,128.355,131.102,125.791,125.084,115.429,110.009,107.204,101.869,98.93,99.587,98.0,109.449,112.707,108.222,107.542,107.353,109.571,106.096,106.934,103.425,103.144,102.083,98.305,99.88,100.316,98.002,101.534,98.177,96.185,100.426,96.91,99.013,97.257,104.983,109.131,104.837,104.508
BLZ,BELIZE,124.1298,125.96,128.3788,130.7976,133.2164,135.6352,138.054,138.9668,139.8796,140.7924,141.7052,142.618,144.7642,146.9104,149.0566,151.2028,153.349,148.8618,144.3746,139.8874,135.4002,130.913,125.4442,119.9754,114.5066,109.0378,103.569,105.8112,108.0534,110.2956,112.5378,114.78,117.4482,120.1164,122.7846,125.4528,128.121,132.8994,137.6778,142.4562,147.2346,152.013,157.6258,163.2386,168.8514,174.4642,180.077,185.9854,191.8938,197.8022,203.7106,209.619,215.9494,222.2798
BOL,BOLIVIA,169.3558,172.131,175.2634,178.3958,181.5282,184.6606,187.793,190.245,192.697,195.149,197.601,200.053,202.8856,205.7182,208.5508,211.3834,214.216,218.5684,222.9208,227.2732,231.6256,235.978,238.831,241.684,244.537,247.39,250.243,253.5516,256.8602,260.1688,263.4774,266.786,271.0482,275.3104,279.5726,283.8348,288.097,291.7888,295.4806,299.1724,302.8642,306.556,309.319,312.082,314.845,317.608,320.371,323.0478,325.7246,328.4014,331.0782,333.755,336.3724,338.9898
BRA,BRAZIL,111.0676,112.998,114.8078,116.6176,118.4274,120.2372,122.047,124.0906,126.1342,128.1778,130.2214,132.265,134.1822,136.0994,138.0166,139.9338,141.851,143.8046,145.7582,147.7118,149.6654,151.619,154.5126,157.4062,160.2998,163.1934,166.087,169.5232,172.9594,176.3956,179.8318,183.268,190.5496,197.8312,205.1128,212.3944,219.676,222.4472,225.2184,227.9896,230.7608,233.532,237.0004,240.4688,243.9372,247.4056,250.874,255.9652,261.0564,266.1476,271.2388,276.33,282.1582,287.9864
BRB,BARBADOS,75.556,77.153,78.8968,80.6406,82.3844,84.1282,85.872,87.7202,89.5684,91.4166,93.2648,95.113,97.1648,99.2166,101.2684,103.3202,105.372,107.6496,109.9272,112.2048,114.4824,116.76,119.287,121.814,124.341,126.868,129.395,132.1968,134.9986,137.8004,140.6022,143.404,146.508,149.612,152.716,155.82,158.924,162.3588,165.7936,169.2284,172.6632,176.098,179.8936,183.6892,187.4848,191.2804,195.076,199.2632,203.4504,207.6376,211.8248,216.012,220.6214,225.2308
BRN,BRUNEI DARUSSALAM,54.1634,55.656,57.3368,59.0176,60.6984,62.3792,64.06,65.8414,67.6228,69.4042,71.1856,72.967,74.9988,77.0306,79.0624,81.0942,83.126,85.4424,87.7588,90.0752,92.3916,94.708,97.3466,99.9852,102.6238,105.2624,107.901,110.9038,113.9066,116.9094,119.9122,122.915,126.3276,129.7402,133.1528,136.5654,139.978,143.8498,147.7216,151.5934,155.4652,159.337,163.7202,168.1034,172.4866,176.8698,181.253,186.2014,191.1498,196.0982,201.0466,205.995,210.6292,215.2634
BTN,BHUTAN,207.597,212.179,217.6886,223.1982,228.7078,234.2174,239.727,248.3102,256.8934,265.4766,274.0598,282.643,291.6654,300.6878,309.7102,318.7326,327.755,337.1922,346.6294,356.0666,365.5038,374.941,384.192,393.443,402.694,411.945,421.196,429.037,436.878,444.719,452.56,460.401,468.1262,475.8514,483.5766,491.3018,499.027,507.2992,515.5714,523.8436,532.1158,540.388,546.7388,553.0896,559.4404,565.7912,572.142,573.851,575.56,577.269,578.978,580.687,581.8768,583.0666
BWA,BOTSWANA,730.6692,737.928,732.956,727.984,723.012,718.04,713.068,694.7648,676.4616,658.1584,639.8552,621.552,587.2548,552.9576,518.6604,484.3632,450.066,413.1618,376.2576,339.3534,302.4492,265.545,252.8266,240.1082,227.3898,214.6714,201.953,204.6964,207.4398,210.1832,212.9266,215.67,220.923,226.176,231.429,236.682,241.935,248.7998,255.6646,262.5294,269.3942,276.259,282.787,289.315,295.843,302.371,308.899,312.4266,315.9542,319.4818,323.0094,326.537,330.0894,333.6418
CAF,CENTRAL AFRICAN REPUBLIC,383.6592,392.134,403.3754,414.6168,425.8582,437.0996,448.341,457.6836,467.0262,476.3688,485.7114,495.054,493.6812,492.3084,490.9356,489.5628,488.19,479.6638,471.1376,462.6114,454.0852,445.559,431.258,416.957,402.656,388.355,374.054,364.8852,355.7164,346.5476,337.3788,328.21,330.4414,332.6728,334.9042,337.1356,339.367,346.959,354.551,362.143,369.735,377.327,385.7718,394.2166,402.6614,411.1062,419.551,425.5228,431.4946,437.4664,443.4382,449.41,454.3036,459.1972
CAN,CANADA,,,52.231,52.65,54.762,55.889,55.425,55.936,57.091,57.019,58.263,59.489,59.331,61.077,61.592,62.69,63.22,66.044,66.91,67.583,67.325,68.411,69.002,69.65,71.768,72.199,74.402,75.334,77.326,76.411,78.54,82.033,84.338,86.316,89.195,88.614,92.578,91.714,96.713,97.895,100.465,100.887,98.635,102.591,103.753,103.277,103.919,104.196,105.297,104.394,106.712,108.113,106.478,109.68
CHE,SWITZERLAND,,,40.007,42.582,42.246,42.92,45.6,46.842,46.192,47.119,50.217,51.994,51.73,53.925,53.659,55.189,57.531,57.405,61.455,61.014,60.871,61.173,62.439,62.353,63.499,63.822,62.702,64.295,66.314,67.017,67.407,70.892,70.269,73.205,76.227,74.922,72.893,73.856,77.06,77.258,80.194,83.889,88.204,87.015,89.845,90.428,85.98,90.672,91.257,93.008,97.736,99.663,100.093,98.981
CHL,CHILE,56.7636,57.778,58.7858,59.7936,60.8014,61.8092,62.817,63.7556,64.6942,65.6328,66.5714,67.51,70.2724,73.0348,75.7972,78.5596,81.322,83.4484,85.5748,87.7012,89.8276,91.954,94.4042,96.8544,99.3046,101.7548,104.205,107.2486,110.2922,113.3358,116.3794,119.423,125.9386,132.4542,138.9698,145.4854,152.001,159.0618,166.1226,173.1834,180.2442,187.305,192.448,197.591,202.734,207.877,213.02,216.3,219.58,222.86,226.14,229.42,234.1248,238.8296
CHN,CHINA,75.0428,76.38,78.866,81.352,83.838,86.324,88.81,90.7554,92.7008,94.6462,96.5916,98.537,100.921,103.305,105.689,108.073,110.457,112.5278,114.5986,116.6694,118.7402,120.811,123.0712,125.3314,127.5916,129.8518,132.112,134.5768,137.0416,139.5064,141.9712,144.436,147.1214,149.8068,152.4922,155.1776,157.863,160.7852,163.7074,166.6296,169.5518,172.474,185.1274,197.7808,210.4342,223.0876,235.741,263.1844,290.6278,318.0712,345.5146,372.958,374.3026,375.6472
CIV,COTE D'IVOIRE,397.9164,402.511,406.4592,410.4074,414.3556,418.3038,422.252,429.1972,436.1424,443.0876,450.0328,456.978,451.3984,445.8188,440.2392,434.6596,429.08,407.6658,386.2516,364.8374,343.4232,322.009,315.7644,309.5198,303.2752,297.0306,290.786,293.0266,295.2672,297.5078,299.7484,301.989,306.6158,311.2426,315.8694,320.4962,325.123,331.7002,338.2774,344.8546,351.4318,358.009,368.0266,378.0442,388.0618,398.0794,408.097,411.046,413.995,416.944,419.893,422.842,426.953,431.064
CMR,CAMEROON,349.1864,353.412,359.0038,364.5956,370.1874,375.7792,381.371,384.8894,388.4078,391.9262,395.4446,398.963,389.6136,380.2642,370.9148,361.5654,352.216,342.7694,333.3228,323.8762,314.4296,304.983,302.6836,300.3842,298.0848,295.7854,293.486,295.2902,297.0944,298.8986,300.7028,302.507,306.4692,310.4314,314.3936,318.3558,322.318,327.2196,332.1212,337.0228,341.9244,346.826,352.2814,357.7368,363.1922,368.6476,374.103,378.6818,383.2606,387.8394,392.4182,396.997,401.7956,406.5942
COD,"CONGO, THE DRC",319.223,322.149,325.234,328.319,331.404,334.489,337.574,339.6036,341.6332,343.6628,345.6924,347.722,350.984,354.246,357.508,360.77,364.032,360.77,357.508,354.246,350.984,347.722,348.203,348.684,349.165,349.646,350.127,351.2344,352.3418,353.4492,354.5566,355.664,357.6006,359.5372,361.4738,363.4104,365.347,367.1468,368.9466,370.7464,372.5462,374.346,378.1208,381.8956,385.6704,389.4452,393.22,396.1482,399.0764,402.0046,404.9328,407.861,410.2126,412.5642
COG,CONGO,282.439,285.344,294.16,302.976,311.792,320.608,329.424,340.7148,352.0056,363.2964,374.5872,385.878,388.0358,390.1936,392.3514,394.5092,396.667,389.3862,382.1054,374.8246,367.5438,360.263,345.4898,330.7166,315.9434,301.1702,286.397,281.8162,277.2354,272.6546,268.0738,263.493,265.3946,267.2962,269.1978,271.0994,273.001,275.4976,277.9942,280.4908,282.9874,285.484,288.3238,291.1636,294.0034,296.8432,299.683,304.3604,309.0378,313.7152,318.3926,323.07,329.6466,336.2232
COL,COLOMBIA,90.5098,91.778,92.9738,94.1696,95.3654,96.5612,97.757,99.7388,101.7206,103.7024,105.6842,107.666,109.4258,111.1856,112.9454,114.7052,116.465,118.234,120.003,121.772,123.541,125.31,127.0714,128.8328,130.5942,132.3556,134.117,136.3904,138.6638,140.9372,143.2106,145.484,153.4528,161.4216,169.3904,177.3592,185.328,189.0026,192.6772,196.3518,200.0264,203.701,206.6192,209.5374,212.4556,215.3738,218.292,221.5286,224.7652,228.0018,231.2384,234.475,238.7924,243.1098
COM,COMOROS,231.35,233.612,236.116,238.62,241.124,243.628,246.132,248.2148,250.2976,252.3804,254.4632,256.546,258.6466,260.7472,262.8478,264.9484,267.049,269.1416,271.2342,273.3268,275.4194,277.512,279.603,281.694,283.785,285.876,287.967,292.1416,296.3162,300.4908,304.6654,308.84,312.9958,317.1516,321.3074,325.4632,329.619,333.4852,337.3514,341.2176,345.0838,348.95,355.1814,361.4128,367.6442,373.8756,380.107,384.5572,389.0074,393.4576,397.9078,402.358,406.8818,411.4056
CPV,CAPE VERDE,65.8906,67.787,70.4388,73.0906,75.7424,78.3942,81.046,84.7602,88.4744,92.1886,95.9028,99.617,104.5686,109.5202,114.4718,119.4234,124.375,129.7136,135.0522,140.3908,145.7294,151.068,156.7348,162.4016,168.0684,173.7352,179.402,188.144,196.886,205.628,214.37,223.112,231.5848,240.0576,248.5304,257.0032,265.476,274.0238,282.5716,291.1194,299.6672,308.215,314.9126,321.6102,328.3078,335.0054,341.703,343.8276,345.9522,348.0768,350.2014,352.326,353.7838,355.2416
CRI,COSTA RICA,58.8826,59.749,60.5548,61.3606,62.1664,62.9722,63.778,64.6868,65.5956,66.5044,67.4132,68.322,69.416,70.51,71.604,72.698,73.792,75.0056,76.2192,77.4328,78.6464,79.86,81.1348,82.4096,83.6844,84.9592,86.234,88.291,90.348,92.405,94.462,96.519,100.0022,103.4854,106.9686,110.4518,113.935,116.9264,119.9178,122.9092,125.9006,128.892,132.8528,136.8136,140.7744,144.7352,148.696,153.54,158.384,163.228,168.072,172.916,179.7426,186.5692
CUB,CUBA,70.274,71.258,72.1248,72.9916,73.8584,74.7252,75.592,77.624,79.656,81.688,83.72,85.752,87.191,88.63,90.069,91.508,92.947,95.5766,98.2062,100.8358,103.4654,106.095,105.9428,105.7906,105.6384,105.4862,105.334,105.7364,106.1388,106.5412,106.9436,107.346,108.9102,110.4744,112.0386,113.6028,115.167,116.3842,117.6014,118.8186,120.0358,121.253,124.7592,128.2654,131.7716,135.2778,138.784,144.5262,150.2684,156.0106,161.7528,167.495,173.1906,178.8862
CYP,CYPRUS,38.487,38.956,39.5024,40.0488,40.5952,41.1416,41.688,42.4824,43.2768,44.0712,44.8656,45.66,46.5342,47.4084,48.2826,49.1568,50.031,50.9872,51.9434,52.8996,53.8558,54.812,55.8644,56.9168,57.9692,59.0216,60.074,61.2238,62.3736,63.5234,64.6732,65.823,67.0894,68.3558,69.6222,70.8886,72.155,73.5404,74.9258,76.3112,77.6966,79.082,80.6008,82.1196,83.6384,85.1572,86.676,88.3414,90.0068,91.6722,93.3376,95.003,96.828,98.653
CZE,CZECH REPUBLIC,,,59.491,60.311,62.793,65.293,64.748,66.391,69.68,68.786,74.299,72.61,75.774,76.188,75.274,76.819,81.502,80.032,87.479,84.578,87.493,91.171,94.748,95.007,95.522,94.8,95.853,99.281,97.087,99.664,101.172,99.241,101.39,103.501,103.618,102.421,101.267,100.293,101.871,105.824,105.336,106.659,109.129,111.564,110.157,107.224,103.831,103.84,105.81,105.743,104.523,107.869,108.802,112.213
DEU,GERMANY,,,52.326,52.701,53.674,54.204,54.73,55.645,57.197,58.163,60.254,61.292,61.667,62.971,63.781,64.381,66.606,68.903,70.112,71.047,73.17,73.721,76.252,77.04,,,,,,,,,,90.0,,,,,,,,,,109.0,,,,,,,,,,114.0
DJI,DJIBOUTI,230.6042,235.433,242.3696,249.3062,256.2428,263.1794,270.116,275.7584,281.4008,287.0432,292.6856,298.328,295.408,292.488,289.568,286.648,283.728,279.4264,275.1248,270.8232,266.5216,262.22,262.9046,263.5892,264.2738,264.9584,265.643,268.339,271.035,273.731,276.427,279.123,283.1254,287.1278,291.1302,295.1326,299.135,302.2046,305.2742,308.3438,311.4134,314.483,321.4602,328.4374,335.4146,342.3918,349.369,353.6268,357.8846,362.1424,366.4002,370.658,375.3302,380.0024
DMA,DOMINICA,,,,,,,,,,,,,,105.0,,,,,,,,,,113.320444611404,,,,,,,,,,,,,,,,,,,,,,,,,,,,,,
DNK,DENMARK,,,59.037,62.964,64.895,67.143,69.43,68.338,69.287,73.672,71.894,75.853,78.559,78.827,82.166,80.547,87.264,87.661,93.412,92.265,94.328,94.783,95.305,101.147,101.764,101.433,103.798,103.208,104.486,102.063,101.999,100.585,103.901,105.827,100.061,99.675,98.015,104.972,101.256,101.333,102.827,103.29,105.308,104.355,103.586,102.076,102.492,101.539,102.972,98.537,104.123,100.66,102.608,106.149
DOM,DOMINICAN REPUBLIC,121.5758,123.268,124.7474,126.2268,127.7062,129.1856,130.665,132.3556,134.0462,135.7368,137.4274,139.118,140.9998,142.8816,144.7634,146.6452,148.527,150.5282,152.5294,154.5306,156.5318,158.533,161.211,163.889,166.567,169.245,171.923,175.531,179.139,182.747,186.355,189.963,191.8228,193.6826,195.5424,197.4022,199.262,200.0814,200.9008,201.7202,202.5396,203.359,206.273,209.187,212.101,215.015,217.929,223.8526,229.7762,235.6998,241.6234,247.547,254.7286,261.9102
DZA,ALGERIA,119.4534,120.805,122.3384,123.8718,125.4052,126.9386,128.472,129.4934,130.5148,131.5362,132.5576,133.579,134.9554,136.3318,137.7082,139.0846,140.461,141.9426,143.4242,144.9058,146.3874,147.869,149.919,151.969,154.019,156.069,158.119,165.2738,172.4286,179.5834,186.7382,193.893,206.666,219.439,232.212,244.985,257.758,263.431,269.104,274.777,280.45,286.123,288.9046,291.6862,294.4678,297.2494,300.031,303.2882,306.5454,309.8026,313.0598,316.317,319.7986,323.2802
ECU,ECUADOR,93.2006,94.807,96.426,98.045,99.664,101.283,102.902,104.0848,105.2676,106.4504,107.6332,108.816,110.9372,113.0584,115.1796,117.3008,119.422,121.8552,124.2884,126.7216,129.1548,131.588,134.2884,136.9888,139.6892,142.3896,145.09,148.3454,151.6008,154.8562,158.1116,161.367,167.4456,173.5242,179.6028,185.6814,191.76,196.8182,201.8764,206.9346,211.9928,217.051,220.7476,224.4442,228.1408,231.8374,235.534,239.1484,242.7628,246.3772,249.9916,253.606,262.3794,271.1528
EGY,EGYPT,115.0498,117.295,119.7468,122.1986,124.6504,127.1022,129.554,130.321,131.088,131.855,132.622,133.389,134.186,134.983,135.78,136.577,137.374,138.2164,139.0588,139.9012,140.7436,141.586,142.6206,143.6552,144.6898,145.7244,146.759,147.8752,148.9914,150.1076,151.2238,152.34,153.5104,154.6808,155.8512,157.0216,158.192,159.4642,160.7364,162.0086,163.2808,164.553,166.0318,167.5106,168.9894,170.4682,171.947,173.6546,175.3622,177.0698,178.7774,180.485,182.197,183.909
ERI,ERITREA,239.9348,246.885,253.6712,260.4574,267.2436,274.0298,280.816,288.5926,296.3692,304.1458,311.9224,319.699,327.0726,334.4462,341.8198,349.1934,356.567,369.1228,381.6786,394.2344,406.7902,419.346,430.7006,442.0552,453.4098,464.7644,476.119,484.5858,493.0526,501.5194,509.9862,518.453,520.082,521.711,523.34,524.969,526.598,528.2422,529.8864,531.5306,533.1748,534.819,536.4776,538.1362,539.7948,541.4534,543.112,544.785,546.458,548.131,549.804,551.477,553.1634,554.8498
ESP,SPAIN,,39.483,41.138,40.98,42.234,43.4,43.09,43.191,44.351,45.38,47.573,46.473,47.286,47.574,48.681,48.766,50.391,53.847,54.533,55.424,56.092,57.025,59.327,59.537,60.035,61.563,61.961,61.446,61.17,61.97,64.545,63.833,66.55,68.98,72.863,75.072,76.806,81.768,83.419,85.6,88.807,88.85,95.224,92.181,100.598,95.715,98.057,99.04,100.456,104.054,109.093,111.695,109.347,113.62
EST,ESTONIA,,,69.448,66.708,76.596,84.122,91.926,96.122,99.861,100.353,108.355,112.067,123.525,120.07,116.857,122.695,115.153,116.914,132.793,156.909,127.519,112.002,114.667,106.841,113.356,100.912,96.542,101.535,113.74,115.989,110.457,111.852,117.624,112.736,118.502,112.167,114.855,108.533,105.485,102.557,105.331,109.163,104.141,105.295,104.423,105.553,96.723,106.476,100.91,104.989,109.563,110.671,112.99,111.086
ETH,ETHIOPIA,210.9024,217.805,232.8656,247.9262,262.9868,278.0474,293.108,308.1612,323.2144,338.2676,353.3208,368.374,369.4686,370.5632,371.6578,372.7524,373.847,371.9006,369.9542,368.0078,366.0614,364.115,364.3044,364.4938,364.6832,364.8726,365.062,369.3388,373.6156,377.8924,382.1692,386.446,384.7386,383.0312,381.3238,379.6164,377.909,379.4692,381.0294,382.5896,384.1498,385.71,388.6302,391.5504,394.4706,397.3908,400.311,404.7934,409.2758,413.7582,418.2406,422.723,430.6072,438.4914
FIN,FINLAND,,,,,55.594,56.703,56.718,57.252,63.051,60.99,57.86,60.642,59.753,63.0,61.16,62.149,62.862,60.834,65.104,62.962,66.578,68.043,68.262,70.246,70.467,71.074,71.556,71.04,68.267,67.176,74.81,70.311,71.354,73.842,79.317,78.611,81.111,89.096,90.583,91.541,88.633,93.689,98.025,99.604,107.592,104.877,104.017,107.793,109.051,111.877,115.179,118.183,118.112,117.059
FJI,FIJI,141.0098,143.361,145.9378,148.5146,151.0914,153.6682,156.245,159.2384,162.2318,165.2252,168.2186,171.212,172.8794,174.5468,176.2142,177.8816,179.549,181.3498,183.1506,184.9514,186.7522,188.553,190.5024,192.4518,194.4012,196.3506,198.3,200.4146,202.5292,204.6438,206.7584,208.873,211.1716,213.4702,215.7688,218.0674,220.366,222.7718,225.1776,227.5834,229.9892,232.395,234.7138,237.0326,239.3514,241.6702,243.989,246.4892,248.9894,251.4896,253.9898,256.49,259.188,261.886
FRA,FRANCE,,51.65,52.56,53.606,55.348,55.012,54.805,56.175,56.774,57.929,60.047,60.674,61.109,60.836,62.132,62.716,63.349,65.39,65.901,66.516,68.114,67.597,68.18,69.001,70.849,71.995,72.869,75.087,76.67,77.996,80.956,80.784,82.415,84.92,86.49,87.914,88.685,92.638,94.223,95.334,96.878,100.094,100.776,100.879,105.98,104.031,105.234,105.696,108.67,107.144,112.315,111.574,109.048,115.043
FSM,"MICRONESIA, FEDERATED STATES OF",152.041,153.614,155.204,156.794,158.384,159.974,161.564,163.5062,165.4484,167.3906,169.3328,171.275,172.543,173.811,175.079,176.347,177.615,178.7898,179.9646,181.1394,182.3142,183.489,184.655,185.821,186.987,188.153,189.319,190.4966,191.6742,192.8518,194.0294,195.207,196.355,197.503,198.651,199.799,200.947,205.2976,209.6482,213.9988,218.3494,222.7,227.0732,231.4464,235.8196,240.1928,244.566,248.748,252.93,257.112,261.294,265.476,269.66,273.844
GAB,GABON,242.6884,247.2,251.83,256.46,261.09,265.72,270.35,274.2682,278.1864,282.1046,286.0228,289.941,281.6908,273.4406,265.1904,256.9402,248.69,243.0532,237.4164,231.7796,226.1428,220.506,220.5788,220.6516,220.7244,220.7972,220.87,227.956,235.042,242.128,249.214,256.3,264.0844,271.8688,279.6532,287.4376,295.222,302.8448,310.4676,318.0904,325.7132,333.336,341.266,349.196,357.126,365.056,372.986,381.858,390.73,399.602,408.474,417.346,420.655,423.964
GBR,UNITED KINGDOM,,,55.804,57.475,58.141,60.098,59.945,60.993,61.571,62.104,64.56,64.883,65.796,67.549,68.298,69.202,69.816,71.265,72.535,72.024,74.285,74.181,75.87,78.142,80.434,81.79,83.533,84.44,87.061,88.451,90.357,92.503,94.273,96.543,100.477,101.766,99.991,103.053,102.727,104.67,105.536,107.627,105.399,106.888,109.391,106.313,104.591,108.55,108.266,107.745,111.369,110.505,110.914,109.378
GEO,GEORGIA,65.1546,65.773,66.4588,67.1446,67.8304,68.5162,69.202,69.9802,70.7584,71.5366,72.3148,73.093,74.7874,76.4818,78.1762,79.8706,81.565,82.064,82.563,83.062,83.561,84.06,84.7736,85.4872,86.2008,86.9144,87.628,88.9352,90.2424,91.5496,92.8568,94.164,93.78,93.396,93.012,92.628,92.244,94.97,97.696,100.422,103.148,105.874,108.2414,110.6088,112.9762,115.3436,117.711,121.4316,125.1522,128.8728,132.5934,136.314,141.0266,145.7392
GHA,GHANA,233.4936,235.694,237.9748,240.2556,242.5364,244.8172,247.098,253.9154,260.7328,267.5502,274.3676,281.185,280.5624,279.9398,279.3172,278.6946,278.072,271.6928,265.3136,258.9344,252.5552,246.176,251.2328,256.2896,261.3464,266.4032,271.46,275.5346,279.6092,283.6838,287.7584,291.833,294.5024,297.1718,299.8412,302.5106,305.18,308.2108,311.2416,314.2724,317.3032,320.334,324.4172,328.5004,332.5836,336.6668,340.75,344.3514,347.9528,351.5542,355.1556,358.757,363.8678,368.9786
GIN,GUINEA,267.6826,270.176,272.7918,275.4076,278.0234,280.6392,283.255,293.0496,302.8442,312.6388,322.4334,332.228,324.2822,316.3364,308.3906,300.4448,292.499,284.9504,277.4018,269.8532,262.3046,254.756,260.8812,267.0064,273.1316,279.2568,285.382,300.2956,315.2092,330.1228,345.0364,359.95,368.644,377.338,386.032,394.726,403.42,409.6186,415.8172,422.0158,428.2144,434.413,438.587,442.761,446.935,451.109,455.283,457.9554,460.6278,463.3002,465.9726,468.645,471.9744,475.3038
GMB,GAMBIA,240.6904,242.904,245.4458,247.9876,250.5294,253.0712,255.613,258.023,260.433,262.843,265.253,267.663,270.2584,272.8538,275.4492,278.0446,280.64,282.677,284.714,286.751,288.788,290.825,291.6956,292.5662,293.4368,294.3074,295.178,301.9436,308.7092,315.4748,322.2404,329.006,338.2242,347.4424,356.6606,365.8788,375.097,385.541,395.985,406.429,416.873,427.317,438.8954,450.4738,462.0522,473.6306,485.209,489.7096,494.2102,498.7108,503.2114,507.712,510.9032,514.0944
GNB,GUINEA-BISSAU,263.9484,265.863,267.8418,269.8206,271.7994,273.7782,275.757,280.5248,285.2926,290.0604,294.8282,299.596,295.6028,291.6096,287.6164,283.6232,279.63,278.998,278.366,277.734,277.102,276.47,281.0176,285.5652,290.1128,294.6604,299.208,303.5696,307.9312,312.2928,316.6544,321.016,324.7534,328.4908,332.2282,335.9656,339.703,342.6232,345.5434,348.4636,351.3838,354.304,357.514,360.724,363.934,367.144,370.354,373.6656,376.9772,380.2888,383.6004,386.912,390.4188,393.9256
GNQ,EQUATORIAL GUINEA,317.8482,319.609,326.147,332.685,339.223,345.761,352.299,356.2962,360.2934,364.2906,368.2878,372.285,370.0596,367.8342,365.6088,363.3834,361.158,360.2686,359.3792,358.4898,357.6004,356.711,358.6158,360.5206,362.4254,364.3302,366.235,369.2096,372.1842,375.1588,378.1334,381.108,385.163,389.218,393.273,397.328,401.383,404.6454,407.9078,411.1702,414.4326,417.695,421.0542,424.4134,427.7726,431.1318,434.491,437.879,441.267,444.655,448.043,451.431,454.8448,458.2586
GRC,GREECE,41.7362,42.324,42.9538,43.5836,44.2134,44.8432,45.473,45.8608,46.2486,46.6364,47.0242,47.412,48.2658,49.1196,49.9734,50.8272,51.681,52.206,52.731,53.256,53.781,54.306,58.0208,61.7356,65.4504,69.1652,72.88,74.3792,75.8784,77.3776,78.8768,80.376,83.3342,86.2924,89.2506,92.2088,95.167,96.6942,98.2214,99.7486,101.2758,102.803,104.3254,105.8478,107.3702,108.8926,110.415,111.9076,113.4002,114.8928,116.3854,117.878,122.9998,128.1216
GRD,GRENADA,105.6626,107.005,108.3788,109.7526,111.1264,112.5002,113.874,116.3082,118.7424,121.1766,123.6108,126.045,128.4528,130.8606,133.2684,135.6762,138.084,139.4118,140.7396,142.0674,143.3952,144.723,146.1458,147.5686,148.9914,150.4142,151.837,153.37,154.903,156.436,157.969,159.502,161.1584,162.8148,164.4712,166.1276,167.784,169.5718,171.3596,173.1474,174.9352,176.723,178.6574,180.5918,182.5262,184.4606,186.395,188.4938,190.5926,192.6914,194.7902,196.889,199.1724,201.4558
GRL,GREENLAND,,,,,,,,,,,,,179.565616396452,185.568065506653,202.680412371134,196.580668417529,,,,,,,,,,,,,,,,,,,,,,,,,,,,,,,,,,,,,,
GTM,GUATEMALA,123.9026,126.234,128.6132,130.9924,133.3716,135.7508,138.13,139.461,140.792,142.123,143.454,144.785,148.9178,153.0506,157.1834,161.3162,165.449,170.6084,175.7678,180.9272,186.0866,191.246,195.7354,200.2248,204.7142,209.2036,213.693,218.4104,223.1278,227.8452,232.5626,237.28,241.1252,244.9704,248.8156,252.6608,256.506,260.5588,264.6116,268.6644,272.7172,276.77,285.068,293.366,301.664,309.962,318.26,326.255,334.25,342.245,350.24,358.235,367.9578,377.6806
GUM,GUAM,48.4358,49.632,51.0562,52.4804,53.9046,55.3288,56.753,59.2058,61.6586,64.1114,66.5642,69.017,72.0352,75.0534,78.0716,81.0898,84.108,86.9364,89.7648,92.5932,95.4216,98.25,100.6598,103.0696,105.4794,107.8892,110.299,113.1362,115.9734,118.8106,121.6478,124.485,127.8028,131.1206,134.4384,137.7562,141.074,144.9142,148.7544,152.5946,156.4348,160.275,164.8342,169.3934,173.9526,178.5118,183.071,188.0286,192.9862,197.9438,202.9014,207.859,213.0418,218.2246
GUY,GUYANA,179.5736,181.734,184.154,186.574,188.994,191.414,193.834,193.6206,193.4072,193.1938,192.9804,192.767,193.0598,193.3526,193.6454,193.9382,194.231,194.921,195.611,196.301,196.991,197.681,198.8944,200.1078,201.3212,202.5346,203.748,204.9524,206.1568,207.3612,208.5656,209.77,211.4958,213.2216,214.9474,216.6732,218.399,220.1938,221.9886,223.7834,225.5782,227.373,229.2392,231.1054,232.9716,234.8378,236.704,238.6436,240.5832,242.5228,244.4624,246.402,248.417,250.432
HKG,HONG KONG,33.6148,34.333,35.36,36.387,37.414,38.441,39.468,40.2656,41.0632,41.8608,42.6584,43.456,45.3098,47.1636,49.0174,50.8712,52.725,54.1948,55.6646,57.1344,58.6042,60.074,61.7436,63.4132,65.0828,66.7524,68.422,70.3166,72.2112,74.1058,76.0004,77.895,80.0424,82.1898,84.3372,86.4846,88.632,91.063,93.494,95.925,98.356,100.787,103.5342,106.2814,109.0286,111.7758,114.523,117.622,120.721,123.82,126.919,130.018,134.3936,138.7692
HND,HONDURAS,118.7858,120.335,122.4518,124.5686,126.6854,128.8022,130.919,132.7536,134.5882,136.4228,138.2574,140.092,141.9998,143.9076,145.8154,147.7232,149.631,153.485,157.339,161.193,165.047,168.901,172.6722,176.4434,180.2146,183.9858,187.757,194.3238,200.8906,207.4574,214.0242,220.591,227.0148,233.4386,239.8624,246.2862,252.71,258.155,263.6,269.045,274.49,279.935,285.6092,291.2834,296.9576,302.6318,308.306,314.227,320.148,326.069,331.99,337.911,345.7418,353.5726
HRV,CROATIA (LOCAL NAME: HRVATSKA),57.6556,58.412,59.2204,60.0288,60.8372,61.6456,62.454,63.9772,65.5004,67.0236,68.5468,70.07,70.5102,70.9504,71.3906,71.8308,72.271,74.588,76.905,79.222,81.539,83.856,85.5768,87.2976,89.0184,90.7392,92.46,93.902,95.344,96.786,98.228,99.67,100.0768,100.4836,100.8904,101.2972,101.704,104.6288,107.5536,110.4784,113.4032,116.328,119.8096,123.2912,126.7728,130.2544,133.736,137.0414,140.3468,143.6522,146.9576,150.263,153.0896,155.9162
HTI,HAITI,214.8146,217.95,223.0706,228.1912,233.3118,238.4324,243.553,249.2428,254.9326,260.6224,266.3122,272.002,272.8704,273.7388,274.6072,275.4756,276.344,279.182,282.02,284.858,287.696,290.534,293.5026,296.4712,299.4398,302.4084,305.377,308.0932,310.8094,313.5256,316.2418,318.958,323.0062,327.0544,331.1026,335.1508,339.199,345.6292,352.0594,358.4896,364.9198,371.35,374.3548,377.3596,380.3644,383.3692,386.374,389.4466,392.5192,395.5918,398.6644,401.737,404.99,408.243
HUN,HUNGARY,,,,,98.966,100.409,106.484,103.779,107.444,107.684,110.83,110.157,110.923,114.535,121.146,121.941,121.555,120.768,130.658,132.978,138.983,136.803,131.846,132.695,133.852,126.996,129.281,132.212,133.76,131.666,133.095,128.409,133.084,129.805,125.117,123.541,119.251,122.357,117.411,116.486,115.559,114.641,116.76,112.845,114.619,111.516,109.25,110.213,114.422,111.798,117.235,123.801,119.593,125.332
IDN,INDONESIA,118.8672,121.198,123.8228,126.4476,129.0724,131.6972,134.322,137.6246,140.9272,144.2298,147.5324,150.835,154.5548,158.2746,161.9944,165.7142,169.434,173.6194,177.8048,181.9902,186.1756,190.361,195.0624,199.7638,204.4652,209.1666,213.868,219.1378,224.4076,229.6774,234.9472,240.217,246.1066,251.9962,257.8858,263.7754,269.665,276.222,282.779,289.336,295.893,302.45,309.715,316.98,324.245,331.51,338.775,346.4216,354.0682,361.7148,369.3614,377.008,384.954,392.9
IND,INDIA,155.8476,158.075,160.6558,163.2366,165.8174,168.3982,170.979,175.0666,179.1542,183.2418,187.3294,191.417,195.623,199.829,204.035,208.241,212.447,216.3544,220.2618,224.1692,228.0766,231.984,235.1996,238.4152,241.6308,244.8464,248.062,250.5258,252.9896,255.4534,257.9172,260.381,264.8924,269.4038,273.9152,278.4266,282.938,295.1838,307.4296,319.6754,331.9212,344.167,357.9592,371.7514,385.5436,399.3358,413.128,426.687,440.246,453.805,467.364,480.923,491.6746,502.4262
IRL,IRELAND,,,,,56.654,56.626,53.875,58.993,56.832,60.791,61.213,60.522,65.895,70.026,69.643,67.686,70.887,68.434,73.782,73.655,73.622,77.011,74.883,80.43,81.406,82.264,80.728,87.869,86.92,92.356,94.995,96.162,96.897,100.647,104.756,105.874,105.881,107.439,110.998,114.999,117.926,118.577,116.133,120.538,122.972,120.918,118.404,126.466,120.206,125.769,129.912,128.832,130.163,134.749
IRN,IRAN (ISLAMIC REPUBLIC OF),81.1924,82.906,84.9612,87.0164,89.0716,91.1268,93.182,97.6228,102.0636,106.5044,110.9452,115.386,120.7574,126.1288,131.5002,136.8716,142.243,148.0746,153.9062,159.7378,165.5694,171.401,177.9458,184.4906,191.0354,197.5802,204.125,211.2922,218.4594,225.6266,232.7938,239.961,246.6056,253.2502,259.8948,266.5394,273.184,279.228,285.272,291.316,297.36,303.404,309.4446,315.4852,321.5258,327.5664,333.607,340.3852,347.1634,353.9416,360.7198,367.498,374.3694,381.2408
IRQ,IRAQ,110.638,112.08,113.736,115.392,117.048,118.704,120.36,118.546,116.732,114.918,113.104,111.29,109.342,107.394,105.446,103.498,101.55,102.472,103.394,104.316,105.238,106.16,110.976,115.792,120.608,125.424,130.24,143.802,157.364,170.926,184.488,198.05,208.294,218.538,228.782,239.026,249.27,253.722,258.174,262.626,267.078,271.53,278.9362,286.3424,293.7486,301.1548,308.561,318.9548,329.3486,339.7424,350.1362,360.53,370.056,379.582
ISL,ICELAND,,,,36.335,39.966,39.731,45.558,53.104,48.721,50.554,50.654,54.403,54.275,59.137,58.621,55.628,63.886,58.121,71.572,68.528,64.104,60.392,67.933,78.024,64.115,70.578,73.085,67.78,56.827,61.814,64.523,79.974,58.014,71.029,85.634,80.247,81.156,69.664,79.916,100.948,85.437,112.332,104.864,72.999,103.372,104.207,84.816,104.049,99.595,92.622,86.003,99.115,95.945,105.198
ISR,ISRAEL,,,,,45.293,45.102,47.154,47.474,49.556,48.71,51.974,54.033,53.654,54.71,56.745,56.379,58.07,60.177,60.843,63.999,63.981,68.31,68.754,70.595,72.711,73.323,77.238,77.636,77.325,78.775,78.244,,,85.0,,,,,,,,,,110.0,,,,,,,,,,120.0
ITA,ITALY,,,,,41.694,42.536,41.919,42.698,44.079,44.883,47.755,49.171,49.621,50.665,51.053,53.944,53.963,56.71,57.709,58.062,59.0,59.716,61.299,61.129,62.014,63.657,64.848,66.937,67.275,68.521,71.743,71.451,74.219,76.77,77.183,78.251,80.65,84.127,86.027,86.285,90.289,92.158,91.985,94.856,100.037,99.212,98.578,98.057,102.167,102.414,108.974,108.969,105.597,109.497
JAM,JAMAICA,116.1178,117.235,118.6526,120.0702,121.4878,122.9054,124.323,126.87,129.417,131.964,134.511,137.058,137.6604,138.2628,138.8652,139.4676,140.07,139.482,138.894,138.306,137.718,137.13,135.6206,134.1112,132.6018,131.0924,129.583,129.0558,128.5286,128.0014,127.4742,126.947,127.615,128.283,128.951,129.619,130.287,131.3306,132.3742,133.4178,134.4614,135.505,137.9392,140.3734,142.8076,145.2418,147.676,150.5636,153.4512,156.3388,159.2264,162.114,166.8234,171.5328
JOR,JORDAN,94.7148,95.895,97.1472,98.3994,99.6516,100.9038,102.156,103.7924,105.4288,107.0652,108.7016,110.338,112.2008,114.0636,115.9264,117.7892,119.652,121.2916,122.9312,124.5708,126.2104,127.85,130.4892,133.1284,135.7676,138.4068,141.046,144.55,148.054,151.558,155.062,158.566,163.08,167.594,172.108,176.622,181.136,188.1814,195.2268,202.2722,209.3176,216.363,224.7152,233.0674,241.4196,249.7718,258.124,265.5032,272.8824,280.2616,287.6408,295.02,300.216,305.412
JPN,JAPAN,,39.776,45.156,41.383,41.564,42.621,43.164,44.207,44.94,45.203,44.895,45.287,46.362,47.577,48.861,48.969,48.685,49.148,51.706,49.952,51.487,52.52,52.988,53.451,54.868,56.039,56.597,58.397,60.37,61.791,63.538,64.545,66.578,69.0,70.797,73.209,75.664,79.98,84.292,87.503,91.414,94.104,97.146,104.219,106.147,108.517,110.918,115.488,120.99,123.918,128.779,137.427,142.266,149.155
KAZ,KAZAKHSTAN,144.4778,146.231,147.9214,149.6118,151.3022,152.9926,154.683,157.071,159.459,161.847,164.235,166.623,168.8974,171.1718,173.4462,175.7206,177.995,171.8908,165.7866,159.6824,153.5782,147.474,138.2104,128.9468,119.6832,110.4196,101.156,102.6336,104.1112,105.5888,107.0664,108.544,110.9046,113.2652,115.6258,117.9864,120.347,121.5768,122.8066,124.0364,125.2662,126.496,128.8176,131.1392,133.4608,135.7824,138.104,141.6474,145.1908,148.7342,152.2776,155.821,159.4696,163.1182
KEN,KENYA,244.3442,246.344,264.6786,283.0132,301.3478,319.6824,338.017,355.5368,373.0566,390.5764,408.0962,425.616,415.0992,404.5824,394.0656,383.5488,373.032,351.798,330.564,309.33,288.096,266.862,259.9368,253.0116,246.0864,239.1612,232.236,232.7478,233.2596,233.7714,234.2832,234.795,239.7078,244.6206,249.5334,254.4462,259.359,264.0786,268.7982,273.5178,278.2374,282.957,288.3906,293.8242,299.2578,304.6914,310.125,315.176,320.227,325.278,330.329,335.38,342.3308,349.2816
KGZ,KYRGYZSTAN,131.0968,132.506,133.9572,135.4084,136.8596,138.3108,139.762,141.7464,143.7308,145.7152,147.6996,149.684,149.684,149.684,149.684,149.684,149.684,146.6296,143.5752,140.5208,137.4664,134.412,134.283,134.154,134.025,133.896,133.767,136.6422,139.5174,142.3926,145.2678,148.143,150.984,153.825,156.666,159.507,162.348,163.8542,165.3604,166.8666,168.3728,169.879,172.7246,175.5702,178.4158,181.2614,184.107,188.479,192.851,197.223,201.595,205.967,210.402,214.837
KHM,CAMBODIA,154.47,156.847,160.4906,164.1342,167.7778,171.4214,175.065,181.9064,188.7478,195.5892,202.4306,209.272,215.979,222.686,229.393,236.1,242.807,251.6566,260.5062,269.3558,278.2054,287.055,296.5924,306.1298,315.6672,325.2046,334.742,343.714,352.686,361.658,370.63,379.602,463.1076,546.6132,630.1188,713.6244,797.13,739.449,681.768,624.087,566.406,508.725,502.0262,495.3274,488.6286,481.9298,475.231,478.562,481.893,485.224,488.555,491.886,494.5376,497.1892
KIR,KIRIBATI,130.7638,134.089,137.8362,141.5834,145.3306,149.0778,152.825,156.154,159.483,162.812,166.141,169.47,173.1076,176.7452,180.3828,184.0204,187.658,192.0114,196.3648,200.7182,205.0716,209.425,214.0002,218.5754,223.1506,227.7258,232.301,238.6002,244.8994,251.1986,257.4978,263.797,268.5054,273.2138,277.9222,282.6306,287.339,292.0348,296.7306,301.4264,306.1222,310.818,315.49,320.162,324.834,329.506,334.178,338.4254,342.6728,346.9202,351.1676,355.415,360.2222,365.0294
KNA,SAINT KITTS AND NEVIS,,,,,,,,,,,,,,148.0,,,,,,,,,,164.692978104546,,,,,,,,,,,,,,,,,,,,,,,,,,,,,,
KOR,"KOREA, REPUBLIC OF",29.1712,30.382,31.978,33.574,35.17,36.766,38.362,41.4784,44.5948,47.7112,50.8276,53.944,56.9632,59.9824,63.0016,66.0208,69.04,72.4168,75.7936,79.1704,82.5472,85.924,90.804,95.684,100.564,105.444,110.324,116.5392,122.7544,128.9696,135.1848,141.4,147.0602,152.7204,158.3806,164.0408,169.701,175.6974,181.6938,187.6902,193.6866,199.683,208.9704,218.2578,227.5452,236.8326,246.12,254.872,263.624,272.376,281.128,289.88,298.1274,306.3748
KWT,KUWAIT,59.4074,60.04,60.7734,61.5068,62.2402,62.9736,63.707,64.5868,65.4666,66.3464,67.2262,68.106,69.155,70.204,71.253,72.302,73.351,74.6088,75.8666,77.1244,78.3822,79.64,81.2164,82.7928,84.3692,85.9456,87.522,89.606,91.69,93.774,95.858,97.942,100.5588,103.1756,105.7924,108.4092,111.026,114.06,117.094,120.128,123.162,126.196,129.742,133.288,136.834,140.38,143.926,148.1564,152.3868,156.6172,160.8476,165.078,169.9948,174.9116
LAO,LAOSÂ ,153.314,158.23,163.3322,168.4344,173.5366,178.6388,183.741,189.089,194.437,199.785,205.133,210.481,217.1268,223.7726,230.4184,237.0642,243.71,251.709,259.708,267.707,275.706,283.705,291.77,299.835,307.9,315.965,324.03,328.7874,333.5448,338.3022,343.0596,347.817,350.692,353.567,356.442,359.317,362.192,364.8288,367.4656,370.1024,372.7392,375.376,378.5448,381.7136,384.8824,388.0512,391.22,394.2662,397.3124,400.3586,403.4048,406.451,409.6268,412.8026
LBN,LEBANON,44.9008,46.276,47.9524,49.6288,51.3052,52.9816,54.658,59.137,63.616,68.095,72.574,77.053,81.7324,86.4118,91.0912,95.7706,100.45,105.1344,109.8188,114.5032,119.1876,123.872,126.689,129.506,132.323,135.14,137.957,140.486,143.015,145.544,148.073,150.602,152.1136,153.6252,155.1368,156.6484,158.16,160.0392,161.9184,163.7976,165.6768,167.556,170.4706,173.3852,176.2998,179.2144,182.129,184.9052,187.6814,190.4576,193.2338,196.01,199.3432,202.6764
LBR,LIBERIA,234.4656,238.694,243.3794,248.0648,252.7502,257.4356,262.121,274.6178,287.1146,299.6114,312.1082,324.605,312.6668,300.7286,288.7904,276.8522,264.914,269.3044,273.6948,278.0852,282.4756,286.866,287.453,288.04,288.627,289.214,289.801,293.681,297.561,301.441,305.321,309.201,316.1616,323.1222,330.0828,337.0434,344.004,356.1048,368.2056,380.3064,392.4072,404.508,411.8822,419.2564,426.6306,434.0048,441.379,446.188,450.997,455.806,460.615,465.424,468.9622,472.5004
LBY,LIBYA,78.8576,80.055,81.33,82.605,83.88,85.155,86.43,89.2824,92.1348,94.9872,97.8396,100.692,103.9668,107.2416,110.5164,113.7912,117.066,120.1468,123.2276,126.3084,129.3892,132.47,135.7804,139.0908,142.4012,145.7116,149.022,152.4136,155.8052,159.1968,162.5884,165.98,171.3766,176.7732,182.1698,187.5664,192.963,200.1612,207.3594,214.5576,221.7558,228.954,239.1044,249.2548,259.4052,269.5556,279.706,291.4726,303.2392,315.0058,326.7724,338.539,353.4594,368.3798
LCA,SAINT LUCIA,113.8288,115.16,116.3036,117.4472,118.5908,119.7344,120.878,126.161,131.444,136.727,142.01,147.293,150.0242,152.7554,155.4866,158.2178,160.949,158.8522,156.7554,154.6586,152.5618,150.465,149.9142,149.3634,148.8126,148.2618,147.711,146.8352,145.9594,145.0836,144.2078,143.332,148.9786,154.6252,160.2718,165.9184,171.565,176.9348,182.3046,187.6744,193.0442,198.414,204.6768,210.9396,217.2024,223.4652,229.728,226.8634,223.9988,221.1342,218.2696,215.405,215.4038,215.4026
LKA,SRI LANKA,76.3502,77.371,78.404,79.437,80.47,81.503,82.536,83.1216,83.7072,84.2928,84.8784,85.464,92.6978,99.9316,107.1654,114.3992,121.633,120.7986,119.9642,119.1298,118.2954,117.461,119.134,120.807,122.48,124.153,125.826,126.0394,126.2528,126.4662,126.6796,126.893,132.5552,138.2174,143.8796,149.5418,155.204,157.545,159.886,162.227,164.568,166.909,169.167,171.425,173.683,175.941,178.199,183.2738,188.3486,193.4234,198.4982,203.573,204.9836,206.3942
LSO,LESOTHO,595.739,592.891,604.8698,616.8486,628.8274,640.8062,652.785,661.3444,669.9038,678.4632,687.0226,695.582,649.9102,604.2384,558.5666,512.8948,467.223,424.7654,382.3078,339.8502,297.3926,254.935,258.405,261.875,265.345,268.815,272.285,276.4674,280.6498,284.8322,289.0146,293.197,299.6516,306.1062,312.5608,319.0154,325.47,330.26,335.05,339.84,344.63,349.42,351.8288,354.2376,356.6464,359.0552,361.464,363.0102,364.5564,366.1026,367.6488,369.195,375.1322,381.0694
LTU,LITHUANIA,,,96.796,98.082,99.834,119.099,120.159,116.809,112.705,104.41,107.101,103.68,109.215,102.994,106.005,111.053,111.504,122.646,133.742,134.551,126.742,112.205,114.259,106.953,108.088,101.439,101.059,100.05,112.832,114.972,110.82,111.914,113.754,111.581,108.933,112.551,111.601,102.595,107.806,109.947,105.372,102.762,99.161,108.7,107.51,108.099,100.51,105.418,104.517,103.962,111.045,115.254,109.784,124.273
LUX,LUXEMBURG,,,,,54.266,55.149,55.517,63.646,56.494,56.833,53.127,68.169,71.641,72.872,67.291,66.755,73.139,78.309,68.753,72.76,78.886,80.423,78.294,88.061,77.632,77.222,90.794,75.011,92.81,95.174,86.076,101.129,100.662,100.37,93.825,103.442,101.978,107.342,107.237,118.672,112.886,125.502,113.89,125.008,119.993,102.772,115.157,124.804,112.606,117.284,128.299,111.79,114.025,117.344
LVA,LATVIA,,,95.653,107.834,102.705,106.958,117.8,126.258,117.425,117.671,121.857,119.103,124.6,121.647,130.477,131.715,126.984,132.642,165.875,172.151,149.23,128.283,117.193,117.649,117.147,107.469,108.825,107.464,120.349,121.298,119.037,117.131,124.144,122.191,123.056,120.464,116.738,112.516,111.284,110.449,116.698,114.658,109.515,116.972,107.898,105.892,113.046,109.725,105.562,106.33,112.612,115.508,112.397,117.667
MAC,MACAU,40.2816,41.266,42.1204,42.9748,43.8292,44.6836,45.538,47.0254,48.5128,50.0002,51.4876,52.975,54.7014,56.4278,58.1542,59.8806,61.607,63.6084,65.6098,67.6112,69.6126,71.614,73.9316,76.2492,78.5668,80.8844,83.202,85.8812,88.5604,91.2396,93.9188,96.598,99.6892,102.7804,105.8716,108.9628,112.054,115.6126,119.1712,122.7298,126.2884,129.847,133.932,138.017,142.102,146.187,150.272,154.946,159.62,164.294,168.968,173.642,178.9682,184.2944
MAR,MOROCCO,119.0454,121.247,123.789,126.331,128.873,131.415,133.957,135.2844,136.6118,137.9392,139.2666,140.594,142.0592,143.5244,144.9896,146.4548,147.92,150.1826,152.4452,154.7078,156.9704,159.233,164.0444,168.8558,173.6672,178.4786,183.29,189.1554,195.0208,200.8862,206.7516,212.617,219.8366,227.0562,234.2758,241.4954,248.715,251.8926,255.0702,258.2478,261.4254,264.603,267.1444,269.6858,272.2272,274.7686,277.31,280.2706,283.2312,286.1918,289.1524,292.113,293.3678,294.6226
MDA,"MOLDOVA, REPUBLIC OF",138.6072,140.371,142.0874,143.8038,145.5202,147.2366,148.953,149.9846,151.0162,152.0478,153.0794,154.111,156.6894,159.2678,161.8462,164.4246,167.003,164.5474,162.0918,159.6362,157.1806,154.725,155.1116,155.4982,155.8848,156.2714,156.658,163.6606,170.6632,177.6658,184.6684,191.671,189.3008,186.9306,184.5604,182.1902,179.82,179.82,179.82,179.82,179.82,179.82,179.583,179.346,179.109,178.872,178.635,179.827,181.019,182.211,183.403,184.595,187.161,189.727
MDG,MADAGASCAR,202.7518,207.771,213.047,218.323,223.599,228.875,234.151,237.5576,240.9642,244.3708,247.7774,251.184,256.6098,262.0356,267.4614,272.8872,278.313,282.6396,286.9662,291.2928,295.6194,299.946,306.229,312.512,318.795,325.078,331.361,331.9158,332.4706,333.0254,333.5802,334.135,336.2706,338.4062,340.5418,342.6774,344.813,351.2774,357.7418,364.2062,370.6706,377.135,382.0202,386.9054,391.7906,396.6758,401.561,406.2874,411.0138,415.7402,420.4666,425.193,430.1648,435.1366
MDV,MALDIVES,54.564,55.92,58.0696,60.2192,62.3688,64.5184,66.668,74.2002,81.7324,89.2646,96.7968,104.329,111.8914,119.4538,127.0162,134.5786,142.141,153.3608,164.5806,175.8004,187.0202,198.24,217.8336,237.4272,257.0208,276.6144,296.208,306.1878,316.1676,326.1474,336.1272,346.107,359.345,372.583,385.821,399.059,412.297,415.4412,418.5854,421.7296,424.8738,428.018,431.014,434.01,437.006,440.002,442.998,446.1276,449.2572,452.3868,455.5164,458.646,461.9104,465.1748
MEX,MEXICO,74.9948,76.147,77.3084,78.4698,79.6312,80.7926,81.954,83.5182,85.0824,86.6466,88.2108,89.775,91.5,93.225,94.95,96.675,98.4,101.1486,103.8972,106.6458,109.3944,112.143,115.5458,118.9486,122.3514,125.7542,129.157,133.2364,137.3158,141.3952,145.4746,149.554,154.2568,158.9596,163.6624,168.3652,173.068,178.479,183.89,189.301,194.712,200.123,204.4428,208.7626,213.0824,217.4022,221.722,224.8438,227.9656,231.0874,234.2092,237.331,242.881,248.431
MHL,MARSHALL ISLANDS,,,,,,,,,,,,,,230.0,,,,,,,,,,,,,,,,,,,,,,,,,,,,,,,,,,,,,,,,
MKD,MACEDONIA,71.6728,72.638,73.725,74.812,75.899,76.986,78.073,78.6424,79.2118,79.7812,80.3506,80.92,83.5064,86.0928,88.6792,91.2656,93.852,94.9606,96.0692,97.1778,98.2864,99.395,99.9908,100.5866,101.1824,101.7782,102.374,104.8086,107.2432,109.6778,112.1124,114.547,114.4318,114.3166,114.2014,114.0862,113.971,116.7042,119.4374,122.1706,124.9038,127.637,132.7242,137.8114,142.8986,147.9858,153.073,161.0578,169.0426,177.0274,185.0122,192.997,200.6822,208.3674
MLI,MALI,263.5508,266.684,269.8416,272.9992,276.1568,279.3144,282.472,288.0418,293.6116,299.1814,304.7512,310.321,314.5818,318.8426,323.1034,327.3642,331.625,328.8006,325.9762,323.1518,320.3274,317.503,320.558,323.613,326.668,329.723,332.778,338.459,344.14,349.821,355.502,361.183,371.035,380.887,390.739,400.591,410.443,420.4334,430.4238,440.4142,450.4046,460.395,470.0154,479.6358,489.2562,498.8766,508.497,515.9686,523.4402,530.9118,538.3834,545.855,548.8598,551.8646
MLT,MALTA,40.541,41.216,41.9594,42.7028,43.4462,44.1896,44.933,45.9358,46.9386,47.9414,48.9442,49.947,51.069,52.191,53.313,54.435,55.557,56.8132,58.0694,59.3256,60.5818,61.838,63.2458,64.6536,66.0614,67.4692,68.877,70.4554,72.0338,73.6122,75.1906,76.769,78.54,80.311,82.082,83.853,85.624,87.612,89.6,91.588,93.576,95.564,97.7964,100.0288,102.2612,104.4936,106.726,109.2338,111.7416,114.2494,116.7572,119.265,122.0824,124.8998
MMR,MYANMAR (Burma)Â ,180.7028,182.576,184.559,186.542,188.525,190.508,192.491,195.1884,197.8858,200.5832,203.2806,205.978,208.9972,212.0164,215.0356,218.0548,221.074,224.3196,227.5652,230.8108,234.0564,237.302,240.8956,244.4892,248.0828,251.6764,255.27,259.0266,262.7832,266.5398,270.2964,274.053,278.0182,281.9834,285.9486,289.9138,293.879,298.0812,302.2834,306.4856,310.6878,314.89,319.3498,323.8096,328.2694,332.7292,337.189,347.6328,358.0766,368.5204,378.9642,389.408,395.799,402.19
MNE,MONTENEGRO,87.062,88.009,88.9894,89.9698,90.9502,91.9306,92.911,93.6946,94.4782,95.2618,96.0454,96.829,92.2534,87.6778,83.1022,78.5266,73.951,74.667,75.383,76.099,76.815,77.531,78.2806,79.0302,79.7798,80.5294,81.279,82.0632,82.8474,83.6316,84.4158,85.2,85.559,85.918,86.277,86.636,86.995,89.5138,92.0326,94.5514,97.0702,99.589,107.0218,114.4546,121.8874,129.3202,136.753,142.3832,148.0134,153.6436,159.2738,164.904,167.9704,171.0368
MNG,MONGOLIA,145.0858,147.621,150.3434,153.0658,155.7882,158.5106,161.233,167.7694,174.3058,180.8422,187.3786,193.915,200.6132,207.3114,214.0096,220.7078,227.406,224.0272,220.6484,217.2696,213.8908,210.512,202.5816,194.6512,186.7208,178.7904,170.86,174.9672,179.0744,183.1816,187.2888,191.396,192.335,193.274,194.213,195.152,196.091,197.012,197.933,198.854,199.775,200.696,205.481,210.266,215.051,219.836,224.621,230.931,237.241,243.551,249.861,256.171,262.8036,269.4362
MOZ,MOZAMBIQUE,475.4676,474.777,475.022,475.267,475.512,475.757,476.002,470.208,464.414,458.62,452.826,447.032,435.0418,423.0516,411.0614,399.0712,387.081,385.3552,383.6294,381.9036,380.1778,378.452,380.9224,383.3928,385.8632,388.3336,390.804,390.8392,390.8744,390.9096,390.9448,390.98,391.9226,392.8652,393.8078,394.7504,395.693,400.399,405.105,409.811,414.517,419.223,424.2976,429.3722,434.4468,439.5214,444.596,449.263,453.93,458.597,463.264,467.931,473.6552,479.3794
MRT,MAURITANIA,185.626,186.846,188.3246,189.8032,191.2818,192.7604,194.239,195.8562,197.4734,199.0906,200.7078,202.325,203.6852,205.0454,206.4056,207.7658,209.126,210.6524,212.1788,213.7052,215.2316,216.758,219.1934,221.6288,224.0642,226.4996,228.935,232.0856,235.2362,238.3868,241.5374,244.688,249.9568,255.2256,260.4944,265.7632,271.032,277.0166,283.0012,288.9858,294.9704,300.955,306.8772,312.7994,318.7216,324.6438,330.566,337.708,344.85,351.992,359.134,366.276,375.3688,384.4616
MUS,MAURITIUS,95.9634,97.176,98.4944,99.8128,101.1312,102.4496,103.768,105.531,107.294,109.057,110.82,112.583,113.369,114.155,114.941,115.727,116.513,119.2266,121.9402,124.6538,127.3674,130.081,129.7128,129.3446,128.9764,128.6082,128.24,130.4328,132.6256,134.8184,137.0112,139.204,143.685,148.166,152.647,157.128,161.609,164.8656,168.1222,171.3788,174.6354,177.892,183.8892,189.8864,195.8836,201.8808,207.878,212.9752,218.0724,223.1696,228.2668,233.364,246.2658,259.1676
MWI,MALAWI,386.5706,388.341,399.631,410.921,422.211,433.501,444.791,458.0442,471.2974,484.5506,497.8038,511.057,499.4512,487.8454,476.2396,464.6338,453.028,433.1496,413.2712,393.3928,373.5144,353.636,345.3636,337.0912,328.8188,320.5464,312.274,313.338,314.402,315.466,316.53,317.594,321.6632,325.7324,329.8016,333.8708,337.94,342.2986,346.6572,351.0158,355.3744,359.733,364.577,369.421,374.265,379.109,383.953,386.514,389.075,391.636,394.197,396.758,399.6116,402.4652
MYS,MALAYSIA,76.6656,78.513,80.5716,82.6302,84.6888,86.7474,88.806,89.9144,91.0228,92.1312,93.2396,94.348,96.8174,99.2868,101.7562,104.2256,106.695,109.4864,112.2778,115.0692,117.8606,120.652,123.8036,126.9552,130.1068,133.2584,136.41,139.964,143.518,147.072,150.626,154.18,158.1806,162.1812,166.1818,170.1824,174.183,178.6768,183.1706,187.6644,192.1582,196.652,201.6862,206.7204,211.7546,216.7888,221.823,227.444,233.065,238.686,244.307,249.928,256.9168,263.9056
MYT,MAYOTTE,,,,63.6936,65.7254,67.7572,69.789,71.8208,73.8526,75.8844,77.9162,79.948,82.3004,84.6528,87.0052,89.3576,91.71,,,,,,,,,,,,,,,,,,,,,,,,,,,,,,,,,,,,,
NAM,NAMIBIA,247.968,246.988,261.0502,275.1124,289.1746,303.2368,317.299,349.1508,381.0026,412.8544,444.7062,476.558,449.606,422.654,395.702,368.75,341.798,322.286,302.774,283.262,263.75,244.238,241.06,237.882,234.704,231.526,228.348,231.6614,234.9748,238.2882,241.6016,244.915,251.3412,257.7674,264.1936,270.6198,277.046,281.5918,286.1376,290.6834,295.2292,299.775,305.2798,310.7846,316.2894,321.7942,327.299,332.3832,337.4674,342.5516,347.6358,352.72,359.2908,365.8616
NCL,NEW CALEDONIA,62.0468,63.277,64.6892,66.1014,67.5136,68.9258,70.338,72.0126,73.6872,75.3618,77.0364,78.711,80.841,82.971,85.101,87.231,89.361,92.0282,94.6954,97.3626,100.0298,102.697,106.0946,109.4922,112.8898,116.2874,119.685,123.8518,128.0186,132.1854,136.3522,140.519,145.3494,150.1798,155.0102,159.8406,164.671,170.0562,175.4414,180.8266,186.2118,191.597,197.6938,203.7906,209.8874,215.9842,222.081,229.1844,236.2878,243.3912,250.4946,257.598,265.783,273.968
NER,NIGER,236.7608,241.12,245.322,249.524,253.726,257.928,262.13,265.0346,267.9392,270.8438,273.7484,276.653,277.4972,278.3414,279.1856,280.0298,280.874,281.2456,281.6172,281.9888,282.3604,282.732,288.0864,293.4408,298.7952,304.1496,309.504,320.7908,332.0776,343.3644,354.6512,365.938,375.5752,385.2124,394.8496,404.4868,414.124,421.0794,428.0348,434.9902,441.9456,448.901,453.0386,457.1762,461.3138,465.4514,469.589,471.3616,473.1342,474.9068,476.6794,478.452,480.5794,482.7068
NGA,NIGERIA,347.3872,351.54,355.6802,359.8204,363.9606,368.1008,372.241,376.5406,380.8402,385.1398,389.4394,393.739,390.5326,387.3262,384.1198,380.9134,377.707,374.2304,370.7538,367.2772,363.8006,360.324,360.1832,360.0424,359.9016,359.7608,359.62,359.4592,359.2984,359.1376,358.9768,358.816,362.405,365.994,369.583,373.172,376.761,381.5604,386.3598,391.1592,395.9586,400.758,405.2196,409.6812,414.1428,418.6044,423.066,427.114,431.162,435.21,439.258,443.306,448.5414,453.7768
NIC,NICARAGUA,107.4658,109.703,112.0526,114.4022,116.7518,119.1014,121.451,125.3836,129.3162,133.2488,137.1814,141.114,145.382,149.65,153.918,158.186,162.454,165.1916,167.9292,170.6668,173.4044,176.142,177.969,179.796,181.623,183.45,185.277,190.5676,195.8582,201.1488,206.4394,211.73,216.375,221.02,225.665,230.31,234.955,242.7168,250.4786,258.2404,266.0022,273.764,281.1568,288.5496,295.9424,303.3352,310.728,318.3674,326.0068,333.6462,341.2856,348.925,356.1708,363.4166
NLD,NETHERLANDS,,,,,55.921,57.517,57.37,59.335,61.292,63.558,66.295,67.028,66.526,67.212,67.382,65.935,67.422,67.263,67.153,68.23,68.725,67.563,68.032,67.138,70.711,67.19,69.573,72.082,70.559,69.87,72.22,71.932,72.261,72.116,76.54,77.272,78.254,77.681,78.977,79.995,85.731,84.692,84.364,87.128,87.724,85.197,84.093,87.232,84.542,84.613,84.582,85.258,86.204,89.325
NOR,NORWAY,,,,,49.899,49.668,52.666,52.911,55.912,56.805,56.988,59.002,59.83,61.08,60.568,61.982,63.336,63.718,60.983,63.741,63.219,64.945,67.261,68.359,70.214,73.397,72.846,72.504,69.154,66.864,69.273,66.181,68.387,67.298,69.796,70.769,71.584,72.427,73.026,73.366,73.26,75.161,75.441,76.36,81.856,77.464,76.37,77.747,76.936,77.569,82.017,82.133,82.062,81.77
NPL,NEPAL,154.647,159.096,164.0324,168.9688,173.9052,178.8416,183.778,189.1458,194.5136,199.8814,205.2492,210.617,217.0586,223.5002,229.9418,236.3834,242.825,250.5644,258.3038,266.0432,273.7826,281.522,290.2894,299.0568,307.8242,316.5916,325.359,332.7628,340.1666,347.5704,354.9742,362.378,369.8674,377.3568,384.8462,392.3356,399.825,406.0228,412.2206,418.4184,424.6162,430.814,435.2432,439.6724,444.1016,448.5308,452.96,458.0578,463.1556,468.2534,473.3512,478.449,484.0104,489.5718
NZL,NEW ZEALAND,,,,,,58.323,58.432,59.436,59.576,62.955,64.7,64.554,64.096,67.08,70.386,71.378,76.656,77.12,80.836,76.834,81.638,79.577,85.323,93.143,89.47,88.776,96.595,93.883,97.388,93.447,94.994,104.97,99.828,108.074,102.274,108.506,113.946,112.395,107.586,115.163,111.065,111.657,115.526,118.365,117.033,117.762,118.952,116.087,118.208,116.144,117.033,113.193,116.917,114.699
OMN,OMAN,71.3514,72.6,74.1922,75.7844,77.3766,78.9688,80.561,83.5196,86.4782,89.4368,92.3954,95.354,98.9702,102.5864,106.2026,109.8188,113.435,117.8784,122.3218,126.7652,131.2086,135.652,141.1106,146.5692,152.0278,157.4864,162.945,169.6592,176.3734,183.0876,189.8018,196.516,204.7466,212.9772,221.2078,229.4384,237.669,247.1386,256.6082,266.0778,275.5474,285.017,290.5172,296.0174,301.5176,307.0178,312.518,318.4324,324.3468,330.2612,336.1756,342.09,348.4236,354.7572
PAK,PAKISTAN,154.171,155.467,156.9514,158.4358,159.9202,161.4046,162.889,164.4476,166.0062,167.5648,169.1234,170.682,172.4006,174.1192,175.8378,177.5564,179.275,181.2804,183.2858,185.2912,187.2966,189.302,191.9458,194.5896,197.2334,199.8772,202.521,206.1634,209.8058,213.4482,217.0906,220.733,225.7482,230.7634,235.7786,240.7938,245.809,251.8834,257.9578,264.0322,270.1066,276.181,283.2394,290.2978,297.3562,304.4146,311.473,319.5952,327.7174,335.8396,343.9618,352.084,361.0294,369.9748
PAN,PANAMA,80.895,82.019,83.0404,84.0618,85.0832,86.1046,87.126,87.4154,87.7048,87.9942,88.2836,88.573,89.0926,89.6122,90.1318,90.6514,91.171,92.0548,92.9386,93.8224,94.7062,95.59,97.168,98.746,100.324,101.902,103.48,106.407,109.334,112.261,115.188,118.115,122.3938,126.6726,130.9514,135.2302,139.509,144.177,148.845,153.513,158.181,162.849,168.1734,173.4978,178.8222,184.1466,189.471,194.7856,200.1002,205.4148,210.7294,216.044,222.7244,229.4048
PER,PERU,94.5658,96.385,98.2822,100.1794,102.0766,103.9738,105.871,107.8266,109.7822,111.7378,113.6934,115.649,118.2544,120.8598,123.4652,126.0706,128.676,131.61,134.544,137.478,140.412,143.346,145.6898,148.0336,150.3774,152.7212,155.065,158.034,161.003,163.972,166.941,169.91,173.2458,176.5816,179.9174,183.2532,186.589,192.3564,198.1238,203.8912,209.6586,215.426,223.4036,231.3812,239.3588,247.3364,255.314,260.1378,264.9616,269.7854,274.6092,279.433,285.333,291.233
PHL,PHILIPPINES,141.5688,143.599,145.7608,147.9226,150.0844,152.2462,154.408,156.1428,157.8776,159.6124,161.3472,163.082,164.9346,166.7872,168.6398,170.4924,172.345,174.3248,176.3046,178.2844,180.2642,182.244,184.3612,186.4784,188.5956,190.7128,192.83,195.0954,197.3608,199.6262,201.8916,204.157,206.5822,209.0074,211.4326,213.8578,216.283,218.8802,221.4774,224.0746,226.6718,229.269,232.0512,234.8334,237.6156,240.3978,243.18,246.0886,248.9972,251.9058,254.8144,257.723,260.1476,262.5722
PNG,PAPUA NEW GUINEA,240.5894,242.775,245.1396,247.5042,249.8688,252.2334,254.598,260.0296,265.4612,270.8928,276.3244,281.756,285.8324,289.9088,293.9852,298.0616,302.138,304.6512,307.1644,309.6776,312.1908,314.704,320.4866,326.2692,332.0518,337.8344,343.617,344.0364,344.4558,344.8752,345.2946,345.714,361.5102,377.3064,393.1026,408.8988,424.695,435.4588,446.2226,456.9864,467.7502,478.514,489.0706,499.6272,510.1838,520.7404,531.297,543.7438,556.1906,568.6374,581.0842,593.531,601.7884,610.0458
POL,POLAND,,,,,76.098,77.345,79.367,79.653,79.797,79.768,80.552,81.569,84.183,86.733,89.255,89.016,91.335,91.304,93.762,95.115,95.999,100.773,104.242,101.597,101.598,101.147,104.207,103.397,105.099,102.94,101.65,101.354,101.219,105.405,102.132,103.093,102.306,102.124,101.006,99.433,100.817,100.896,105.981,104.332,108.817,105.646,107.713,109.717,111.297,113.533,117.456,120.896,119.917,121.833
PRI,PUERTO RICO,62.4358,63.228,63.9194,64.6108,65.3022,65.9936,66.685,67.79,68.895,70.0,71.105,72.21,73.945,75.68,77.415,79.15,80.885,81.8224,82.7598,83.6972,84.6346,85.572,85.953,86.334,86.715,87.096,87.477,89.5776,91.6782,93.7788,95.8794,97.98,98.3176,98.6552,98.9928,99.3304,99.668,100.5212,101.3744,102.2276,103.0808,103.934,106.539,109.144,111.749,114.354,116.959,119.512,122.065,124.618,127.171,129.724,132.9228,136.1216
PRK,"KOREA, D.P.R.O.",108.9694,111.432,114.374,117.316,120.258,123.2,126.142,126.8012,127.4604,128.1196,128.7788,129.438,132.0394,134.6408,137.2422,139.8436,142.445,130.505,118.565,106.625,94.685,82.745,92.3808,102.0166,111.6524,121.2882,130.924,134.4216,137.9192,141.4168,144.9144,148.412,153.1758,157.9396,162.7034,167.4672,172.231,180.4826,188.7342,196.9858,205.2374,213.489,225.4342,237.3794,249.3246,261.2698,273.215,287.0304,300.8458,314.6612,328.4766,342.292,349.1318,355.9716
PRT,PORTUGAL,,46.977,49.175,50.998,52.695,52.75,53.472,52.838,58.045,58.27,62.156,63.264,64.697,65.723,67.489,68.812,72.744,71.548,71.694,71.432,78.699,76.377,79.354,79.302,76.706,79.215,81.603,83.75,85.361,87.936,88.218,88.078,92.337,91.515,92.291,93.82,101.429,107.438,105.87,103.545,105.838,103.06,113.411,104.838,116.515,111.084,117.311,120.453,114.629,118.603,118.166,119.625,122.53,121.561
PRY,PARAGUAY,129.858,130.908,131.961,133.014,134.067,135.12,136.173,137.8834,139.5938,141.3042,143.0146,144.725,145.3218,145.9186,146.5154,147.1122,147.709,147.9356,148.1622,148.3888,148.6154,148.842,149.087,149.332,149.577,149.822,150.067,150.2326,150.3982,150.5638,150.7294,150.895,151.0768,151.2586,151.4404,151.6222,151.804,152.008,152.212,152.416,152.62,152.824,153.6164,154.4088,155.2012,155.9936,156.786,157.6452,158.5044,159.3636,160.2228,161.082,162.7448,164.4076
PSE,STATE OF PALESTINE,97.9316,99.716,101.8796,104.0432,106.2068,108.3704,110.534,112.4256,114.3172,116.2088,118.1004,119.992,122.094,124.196,126.298,128.4,130.502,133.9332,137.3644,140.7956,144.2268,147.658,151.3218,154.9856,,,,,,,,,,,,,,,,,,,,,,,,,,,,,,
PYF,FRENCH POLYNESIA,77.9086,79.367,80.9336,82.5002,84.0668,85.6334,87.2,90.6822,94.1644,97.6466,101.1288,104.611,109.339,114.067,118.795,123.523,128.251,135.2404,142.2298,149.2192,156.2086,163.198,165.5198,167.8416,170.1634,172.4852,174.807,177.1884,179.5698,181.9512,184.3326,186.714,196.1158,205.5176,214.9194,224.3212,233.723,238.0496,242.3762,246.7028,251.0294,255.356,260.4902,265.6244,270.7586,275.8928,281.027,288.6202,296.2134,303.8066,311.3998,318.993,326.6728,334.3526
QAT,QATAR,48.143,48.649,49.3136,49.9782,50.6428,51.3074,51.972,53.9164,55.8608,57.8052,59.7496,61.694,63.539,65.384,67.229,69.074,70.919,72.4446,73.9702,75.4958,77.0214,78.547,79.935,81.323,82.711,84.099,85.487,87.1132,88.7394,90.3656,91.9918,93.618,95.6964,97.7748,99.8532,101.9316,104.01,106.669,109.328,111.987,114.646,117.305,120.7098,124.1146,127.5194,130.9242,134.329,138.7156,143.1022,147.4888,151.8754,156.262,161.9182,167.5744
ROU,ROMANIA,86.819,87.821,88.791,89.761,90.731,91.701,92.671,95.1342,97.5974,100.0606,102.5238,104.987,107.608,110.229,112.85,115.471,118.092,117.7744,117.4568,117.1392,116.8216,116.504,116.721,116.938,117.155,117.372,117.589,117.2324,116.8758,116.5192,116.1626,115.806,115.8368,115.8676,115.8984,115.9292,115.96,116.0232,116.0864,116.1496,116.2128,116.276,117.6122,118.9484,120.2846,121.6208,122.957,123.2414,123.5258,123.8102,124.0946,124.379,131.2896,138.2002
RUS,RUSSIA,,,,137.189,139.205,146.717,148.228,158.173,173.334,172.883,176.833,170.956,164.299,158.477,150.485,138.573,142.343,153.784,168.924,178.406,160.861,130.912,118.919,116.2,113.531,110.328,110.243,112.045,127.211,133.713,130.859,128.506,131.951,134.906,133.56,131.772,129.857,129.634,127.205,122.798,121.495,121.797,121.301,122.529,122.902,119.243,119.097,119.555,118.976,119.312,123.318,124.424,124.168,126.477
RWA,RWANDA,200.8074,206.596,218.5442,230.4924,242.4406,254.3888,266.337,297.4542,328.5714,359.6886,390.8058,421.923,434.864,447.805,460.746,473.687,486.628,519.8546,553.0812,586.3078,619.5344,652.761,605.431,558.101,510.771,463.441,416.111,400.3394,384.5678,368.7962,353.0246,337.253,342.2854,347.3178,352.3502,357.3826,362.415,364.6522,366.8894,369.1266,371.3638,373.601,374.6472,375.6934,376.7396,377.7858,378.832,381.2076,383.5832,385.9588,388.3344,390.71,393.9472,397.1844
SAU,SAUDI ARABIA,66.2612,67.317,68.5844,69.8518,71.1192,72.3866,73.654,75.8296,78.0052,80.1808,82.3564,84.532,87.0954,89.6588,92.2222,94.7856,97.349,100.3834,103.4178,106.4522,109.4866,112.521,118.7656,125.0102,131.2548,137.4994,143.744,148.3772,153.0104,157.6436,162.2768,166.91,173.7778,180.6456,187.5134,194.3812,201.249,210.4816,219.7142,228.9468,238.1794,247.412,256.3908,265.3696,274.3484,283.3272,292.306,297.6366,302.9672,308.2978,313.6284,318.959,322.8478,326.7366
SDN,SUDAN,210.9928,212.921,214.989,217.057,219.125,221.193,223.261,226.9558,230.6506,234.3454,238.0402,241.735,244.9136,248.0922,251.2708,254.4494,257.628,259.855,262.082,264.309,266.536,268.763,270.327,271.891,273.455,275.019,276.583,277.7768,278.9706,280.1644,281.3582,282.552,283.3292,284.1064,284.8836,285.6608,286.438,288.1222,289.8064,291.4906,293.1748,294.859,298.3166,301.7742,305.2318,308.6894,312.147,315.8566,319.5662,323.2758,326.9854,330.695,334.712,338.729
SEN,SENEGAL,190.3164,192.19,194.3522,196.5144,198.6766,200.8388,203.001,206.4556,209.9102,213.3648,216.8194,220.274,220.8184,221.3628,221.9072,222.4516,222.996,221.612,220.228,218.844,217.46,216.076,218.862,221.648,224.434,227.22,230.006,240.2604,250.5148,260.7692,271.0236,281.278,291.9446,302.6112,313.2778,323.9444,334.611,347.7182,360.8254,373.9326,387.0398,400.147,406.921,413.695,420.469,427.243,434.017,434.628,435.239,435.85,436.461,437.072,440.7152,444.3584
SGP,SINGAPORE,40.6552,41.492,42.4754,43.4588,44.4422,45.4256,46.409,47.551,48.693,49.835,50.977,52.119,54.1968,56.2746,58.3524,60.4302,62.508,65.304,68.1,70.896,73.692,76.488,79.6956,82.9032,86.1108,89.3184,92.526,94.4262,96.3264,98.2266,100.1268,102.027,105.4948,108.9626,112.4304,115.8982,119.366,121.6664,123.9668,126.2672,128.5676,130.868,134.511,138.154,141.797,145.44,149.083,151.9156,154.7482,157.5808,160.4134,163.246,166.0308,168.8156
SLB,SOLOMON ISLANDS,159.8048,162.373,165.0842,167.7954,170.5066,173.2178,175.929,179.5992,183.2694,186.9396,190.6098,194.28,202.5566,210.8332,219.1098,227.3864,235.663,242.3174,248.9718,255.6262,262.2806,268.935,274.2262,279.5174,284.8086,290.0998,295.391,288.6102,281.8294,275.0486,268.2678,261.487,262.809,264.131,265.453,266.775,268.097,273.326,278.555,283.784,289.013,294.242,299.4496,304.6572,309.8648,315.0724,320.28,325.262,330.244,335.226,340.208,345.19,350.209,355.228
SLE,SIERRA LEONE,423.436,426.542,429.235,431.928,434.621,437.314,440.007,450.1202,460.2334,470.3466,480.4598,490.573,501.21,511.847,522.484,533.121,543.758,542.421,541.084,539.747,538.41,537.073,528.7556,520.4382,512.1208,503.8034,495.486,488.1512,480.8164,473.4816,466.1468,458.812,459.0014,459.1908,459.3802,459.5696,459.759,466.793,473.827,480.861,487.895,494.929,498.0466,501.1642,504.2818,507.3994,510.517,513.92,517.323,520.726,524.129,527.532,529.7094,531.8868
SLV,EL SALVADOR,117.1914,118.911,120.4628,122.0146,123.5664,125.1182,126.67,128.298,129.926,131.554,133.182,134.81,136.227,137.644,139.061,140.478,141.895,142.5954,143.2958,143.9962,144.6966,145.397,150.4342,155.4714,160.5086,165.5458,170.583,178.081,185.579,193.077,200.575,208.073,207.7078,207.3426,206.9774,206.6122,206.247,205.678,205.109,204.54,203.971,203.402,206.8846,210.3672,213.8498,217.3324,220.815,227.9608,235.1066,242.2524,249.3982,256.544,267.0698,277.5956
SOM,SOMALIA,288.3096,291.275,294.2284,297.1818,300.1352,303.0886,306.042,309.161,312.28,315.399,318.518,321.637,324.224,326.811,329.398,331.985,334.572,342.9158,351.2596,359.6034,367.9472,376.291,372.7154,369.1398,365.5642,361.9886,358.413,359.8732,361.3334,362.7936,364.2538,365.714,369.1036,372.4932,375.8828,379.2724,382.662,386.6026,390.5432,394.4838,398.4244,402.365,406.6156,410.8662,415.1168,419.3674,423.618,428.0934,432.5688,437.0442,441.5196,445.995,450.496,454.997
SRB,SERBIA,84.915,85.953,87.0162,88.0794,89.1426,90.2058,91.269,92.9208,94.5726,96.2244,97.8762,99.528,100.2464,100.9648,101.6832,102.4016,103.12,103.4352,103.7504,104.0656,104.3808,104.696,104.6746,104.6532,104.6318,104.6104,104.589,106.2322,107.8754,109.5186,111.1618,112.805,113.5036,114.2022,114.9008,115.5994,116.298,117.7986,119.2992,120.7998,122.3004,123.801,125.6778,127.5546,129.4314,131.3082,133.185,139.2732,145.3614,151.4496,157.5378,163.626,169.2944,174.9628
SSD,SOUTH SUDAN,322.8624,329.193,336.195,343.197,350.199,357.201,364.203,364.1566,364.1102,364.0638,364.0174,363.971,362.842,361.713,360.584,359.455,358.326,361.082,363.838,366.594,369.35,372.106,378.702,385.298,391.894,398.49,405.086,410.2226,415.3592,420.4958,425.6324,430.769,432.3022,433.8354,435.3686,436.9018,438.435,443.0354,447.6358,452.2362,456.8366,461.437,465.6912,469.9454,474.1996,478.4538,482.708,487.7588,492.8096,497.8604,502.9112,507.962,513.0846,518.2072
STP,SAO TOME AND PRINCIPE,166.5448,167.963,169.474,170.985,172.496,174.007,175.518,178.7236,181.9292,185.1348,188.3404,191.546,192.9584,194.3708,195.7832,197.1956,198.608,200.0682,201.5284,202.9886,204.4488,205.909,207.3984,208.8878,210.3772,211.8666,213.356,214.8516,216.3472,217.8428,219.3384,220.834,222.627,224.42,226.213,228.006,229.799,235.3362,240.8734,246.4106,251.9478,257.485,262.3014,267.1178,271.9342,276.7506,281.567,286.2544,290.9418,295.6292,300.3166,305.004,310.5414,316.0788
SUR,SURINAME,122.2916,123.764,126.0208,128.2776,130.5344,132.7912,135.048,139.0164,142.9848,146.9532,150.9216,154.89,154.4384,153.9868,153.5352,153.0836,152.632,151.966,151.3,150.634,149.968,149.302,149.2312,149.1604,149.0896,149.0188,148.948,150.5786,152.2092,153.8398,155.4704,157.101,161.5548,166.0086,170.4624,174.9162,179.37,182.0038,184.6376,187.2714,189.9052,192.539,197.3798,202.2206,207.0614,211.9022,216.743,221.3286,225.9142,230.4998,235.0854,239.671,243.4562,247.2414
SVK,SLOVAKIA (SLOVAK REPUBLIC),,,,,74.284,72.907,78.444,76.093,77.54,78.878,78.956,78.84,82.065,79.568,85.758,86.78,90.695,84.498,89.189,89.336,94.877,96.591,102.894,103.723,98.283,100.169,104.188,103.376,105.647,99.918,104.34,99.436,102.991,103.239,103.021,108.834,103.774,102.427,102.211,107.646,108.005,105.986,110.03,110.099,108.191,108.576,100.294,102.505,103.259,105.664,103.497,106.598,105.724,108.36
SVN,SLOVENIA,,,,,53.546,54.82,58.44,56.614,63.56,70.932,68.868,68.804,73.503,73.572,78.658,76.527,75.36,82.355,80.73,85.923,86.743,85.952,88.059,81.113,90.453,91.321,96.14,93.22,95.11,102.999,108.402,,,104.8461977578,,,,,,,,,,115.954865223,,,,,,,,,,
SWE,SWEDEN,,,43.572,43.111,46.718,47.379,47.542,49.425,51.086,50.588,52.138,53.376,54.839,56.197,55.215,55.923,56.234,58.806,58.91,61.592,61.344,62.527,64.635,65.737,65.042,68.555,66.608,66.887,68.676,67.894,69.092,71.656,71.271,76.335,77.424,75.249,78.34,79.902,80.878,79.512,79.328,81.489,83.041,83.766,86.425,85.542,83.928,84.121,87.756,88.714,89.775,87.714,89.866,95.135
SWZ,SWAZILAND,598.361,584.351,582.239,580.127,578.015,575.903,573.791,572.5546,571.3182,570.0818,568.8454,567.609,533.0748,498.5406,464.0064,429.4722,394.938,369.8368,344.7356,319.6344,294.5332,269.432,267.101,264.77,262.439,260.108,257.777,261.871,265.965,270.059,274.153,278.247,285.534,292.821,300.108,307.395,314.682,320.591,326.5,332.409,338.318,344.227,350.1606,356.0942,362.0278,367.9614,373.895,377.4226,380.9502,384.4778,388.0054,391.533,395.0952,398.6574
SYC,SEYCHELLES,,,104.2880162692,105.8981966083,107.508376947451,109.1185572867,110.7287376258,112.338917965,113.9490983042,115.5592786433,117.1694589825,118.7796393217,120.3898196608,122.0,,,,,,,,,,112.673253100785,,,,,,,,,,237.128335539008,,,,,,,,,,267.53647625161,,,,,,,,,,294.289442565352
SYR,SYRIAN ARAB REPUBLIC,72.9286,74.054,74.7022,75.3504,75.9986,76.6468,77.295,80.1822,83.0694,85.9566,88.8438,91.731,95.1332,98.5354,101.9376,105.3398,108.742,112.7368,116.7316,120.7264,124.7212,128.716,132.7148,136.7136,140.7124,144.7112,148.71,153.5566,158.4032,163.2498,168.0964,172.943,178.8464,184.7498,190.6532,196.5566,202.46,209.5176,216.5752,223.6328,230.6904,237.748,245.9952,254.2424,262.4896,270.7368,278.984,285.9674,292.9508,299.9342,306.9176,313.901,319.6346,325.3682
TCD,CHAD,362.4582,366.949,372.8544,378.7598,384.6652,390.5706,396.476,403.1112,409.7464,416.3816,423.0168,429.652,427.1938,424.7356,422.2774,419.8192,417.361,412.8606,408.3602,403.8598,399.3594,394.859,390.6716,386.4842,382.2968,378.1094,373.922,373.7146,373.5072,373.2998,373.0924,372.885,375.605,378.325,381.045,383.765,386.485,388.8802,391.2754,393.6706,396.0658,398.461,403.4944,408.5278,413.5612,418.5946,423.628,425.6748,427.7216,429.7684,431.8152,433.862,435.7904,437.7188
TGO,TOGO,289.5916,293.114,296.7834,300.4528,304.1222,307.7916,311.461,312.4618,313.4626,314.4634,315.4642,316.465,315.4528,314.4406,313.4284,312.4162,311.404,301.3234,291.2428,281.1622,271.0816,261.001,256.9274,252.8538,248.7802,244.7066,240.633,243.4672,246.3014,249.1356,251.9698,254.804,260.9868,267.1696,273.3524,279.5352,285.718,292.4458,299.1736,305.9014,312.6292,319.357,326.9658,334.5746,342.1834,349.7922,357.401,365.342,373.283,381.224,389.165,397.106,405.5648,414.0236
THA,THAILAND,106.4106,108.031,109.5434,111.0558,112.5682,114.0806,115.593,119.9492,124.3054,128.6616,133.0178,137.374,137.2258,137.0776,136.9294,136.7812,136.633,135.8494,135.0658,134.2822,133.4986,132.715,134.1306,135.5462,136.9618,138.3774,139.793,149.8574,159.9218,169.9862,180.0506,190.115,195.5076,200.9002,206.2928,211.6854,217.078,222.6552,228.2324,233.8096,239.3868,244.964,248.8656,252.7672,256.6688,260.5704,264.472,267.449,270.426,273.403,276.38,279.357,282.7306,286.1042
TJK,TAJIKISTAN,128.2098,129.154,130.236,131.318,132.4,133.482,134.564,136.9442,139.3244,141.7046,144.0848,146.465,146.8368,147.2086,147.5804,147.9522,148.324,148.3168,148.3096,148.3024,148.2952,148.288,144.3756,140.4632,136.5508,132.6384,128.726,129.4054,130.0848,130.7642,131.4436,132.123,133.3828,134.6426,135.9024,137.1622,138.422,139.3282,140.2344,141.1406,142.0468,142.953,144.902,146.851,148.8,150.749,152.698,155.6268,158.5556,161.4844,164.4132,167.342,170.357,173.372
TKM,TURKMENISTAN,154.018,155.365,156.7876,158.2102,159.6328,161.0554,162.478,164.2748,166.0716,167.8684,169.6652,171.462,171.65,171.838,172.026,172.214,172.402,170.2888,168.1756,166.0624,163.9492,161.836,163.4076,164.9792,166.5508,168.1224,169.694,170.852,172.01,173.168,174.326,175.484,178.1626,180.8412,183.5198,186.1984,188.877,190.1642,191.4514,192.7386,194.0258,195.313,198.091,200.869,203.647,206.425,209.203,213.4642,217.7254,221.9866,226.2478,230.509,234.8762,239.2434
TLS,EAST TIMOR,159.4944,164.284,170.2832,176.2824,182.2816,188.2808,194.28,200.479,206.678,212.877,219.076,225.275,235.7224,246.1698,256.6172,267.0646,277.512,289.916,302.32,314.724,327.128,339.532,347.647,355.762,363.877,371.992,380.107,396.7574,413.4078,430.0582,446.7086,463.359,483.0686,502.7782,522.4878,542.1974,561.907,542.1042,522.3014,502.4986,482.6958,462.893,469.0114,475.1298,481.2482,487.3666,493.485,499.596,505.707,511.818,517.929,524.04,530.185,536.33
TON,TONGA,103.5946,105.128,106.826,108.524,110.222,111.92,113.618,116.117,118.616,121.115,123.614,126.113,129.255,132.397,135.539,138.681,141.823,143.7286,145.6342,147.5398,149.4454,151.351,152.6558,153.9606,155.2654,156.5702,157.875,161.1824,164.4898,167.7972,171.1046,174.412,178.3612,182.3104,186.2596,190.2088,194.158,198.2272,202.2964,206.3656,210.4348,214.504,219.5198,224.5356,229.5514,234.5672,239.583,245.299,251.015,256.731,262.447,268.163,273.997,279.831
TTO,TRINIDAD AND TOBAGO,127.2818,128.57,129.8092,131.0484,132.2876,133.5268,134.766,135.3606,135.9552,136.5498,137.1444,137.739,139.9142,142.0894,144.2646,146.4398,148.615,150.9098,153.2046,155.4994,157.7942,160.089,161.5118,162.9346,164.3574,165.7802,167.203,167.6376,168.0722,168.5068,168.9414,169.376,169.5206,169.6652,169.8098,169.9544,170.099,171.4666,172.8342,174.2018,175.5694,176.937,179.0866,181.2362,183.3858,185.5354,187.685,190.3752,193.0654,195.7556,198.4458,201.136,207.3948,213.6536
TUN,TUNISIA,67.6806,68.747,70.0006,71.2542,72.5078,73.7614,75.015,76.049,77.083,78.117,79.151,80.185,81.9262,83.6674,85.4086,87.1498,88.891,95.2614,101.6318,108.0022,114.3726,120.743,129.0272,137.3114,145.5956,153.8798,162.164,168.631,175.098,181.565,188.032,194.499,205.191,215.883,226.575,237.267,247.959,256.325,264.691,273.057,281.423,289.789,303.525,317.261,330.997,344.733,358.469,367.7712,377.0734,386.3756,395.6778,404.98,412.8676,420.7552
TUR,TURKEY,71.8134,73.395,75.284,77.173,79.062,80.951,82.84,85.2586,87.6772,90.0958,92.5144,94.933,97.5792,100.2254,102.8716,105.5178,108.164,111.0876,114.0112,116.9348,119.8584,122.782,126.1222,129.4624,132.8026,136.1428,139.483,143.253,147.023,150.793,154.563,158.333,162.4528,166.5726,170.6924,174.8122,178.932,183.5856,188.2392,192.8928,197.5464,202.2,207.3552,212.5104,217.6656,222.8208,227.976,233.0672,238.1584,243.2496,248.3408,253.432,260.7624,268.0928
TZA,"TANZANIA, UNITED REPUBLIC OF",267.7052,270.576,288.4838,306.3916,324.2994,342.2072,360.115,375.6594,391.2038,406.7482,422.2926,437.837,436.762,435.687,434.612,433.537,432.462,420.4888,408.5156,396.5424,384.5692,372.596,362.0732,351.5504,341.0276,330.5048,319.982,318.9616,317.9412,316.9208,315.9004,314.88,316.1572,317.4344,318.7116,319.9888,321.266,325.5582,329.8504,334.1426,338.4348,342.727,346.2224,349.7178,353.2132,356.7086,360.204,363.3362,366.4684,369.6006,372.7328,375.865,378.5974,381.3298
UGA,UGANDA,304.3878,307.574,324.5894,341.6048,358.6202,375.6356,392.651,409.9592,427.2674,444.5756,461.8838,479.192,489.2778,499.3636,509.4494,519.5352,529.621,518.5566,507.4922,496.4278,485.3634,474.299,451.0826,427.8662,404.6498,381.4334,358.217,352.2156,346.2142,340.2128,334.2114,328.21,328.2652,328.3204,328.3756,328.4308,328.486,328.8544,329.2228,329.5912,329.9596,330.328,332.285,334.242,336.199,338.156,340.113,345.2036,350.2942,355.3848,360.4754,365.566,371.4452,377.3244
UKR,UKRAINE,,,,,127.783,145.511,146.582,142.458,150.234,145.846,142.194,140.492,136.027,135.345,132.523,128.305,138.38,144.951,148.33,138.262,131.076,122.997,117.115,110.989,107.816,105.831,105.901,104.708,115.765,118.532,114.997,117.206,118.782,117.705,117.519,115.566,113.896,112.757,112.744,110.677,108.433,109.414,108.569,111.064,108.236,107.878,110.26,107.301,109.972,107.301,111.623,115.627,116.152,115.722
URY,URUGUAY,71.7042,72.5,73.1406,73.7812,74.4218,75.0624,75.703,77.2038,78.7046,80.2054,81.7062,83.207,84.9256,86.6442,88.3628,90.0814,91.8,92.9036,94.0072,95.1108,96.2144,97.318,98.4714,99.6248,100.7782,101.9316,103.085,103.7606,104.4362,105.1118,105.7874,106.463,108.0308,109.5986,111.1664,112.7342,114.302,116.0306,117.7592,119.4878,121.2164,122.945,123.4912,124.0374,124.5836,125.1298,125.676,126.2298,126.7836,127.3374,127.8912,128.445,130.8812,133.3174
USA,UNITED STATES,,,,77.187,79.044,78.696,79.348,81.169,81.397,81.399,83.425,83.75,84.092,83.253,83.645,83.401,85.238,86.968,89.278,89.41,89.911,88.928,90.63,90.824,92.43,94.331,94.196,94.485,95.469,96.067,96.994,97.47,100.816,102.51,102.056,105.866,107.643,110.068,112.918,117.137,122.911,124.295,125.872,128.45,128.848,130.823,127.478,128.737,128.611,129.086,130.298,128.62,126.591,130.636
UZB,UZBEKISTAN,133.7868,134.899,136.0452,137.1914,138.3376,139.4838,140.63,141.168,141.706,142.244,142.782,143.32,143.36,143.4,143.44,143.48,143.52,143.6694,143.8188,143.9682,144.1176,144.267,137.7368,131.2066,124.6764,118.1462,111.616,112.594,113.572,114.55,115.528,116.506,118.96,121.414,123.868,126.322,128.776,130.201,131.626,133.051,134.476,135.901,137.9234,139.9458,141.9682,143.9906,146.013,149.2142,152.4154,155.6166,158.8178,162.019,165.3284,168.6378
VCT,SAINT VINCENT AND THE GRENADINES,131.594,132.902,134.4734,136.0448,137.6162,139.1876,140.759,143.0948,145.4306,147.7664,150.1022,152.438,153.9394,155.4408,156.9422,158.4436,159.945,159.9718,159.9986,160.0254,160.0522,160.079,158.676,157.273,155.87,154.467,153.064,153.2646,153.4652,153.6658,153.8664,154.067,156.1074,158.1478,160.1882,162.2286,164.269,163.8946,163.5202,163.1458,162.7714,162.397,162.454,162.511,162.568,162.625,162.682,163.1894,163.6968,164.2042,164.7116,165.219,175.717,186.215
VEN,VENEZUELA,92.5102,93.635,94.6306,95.6262,96.6218,97.6174,98.613,100.2208,101.8286,103.4364,105.0442,106.652,107.5758,108.4996,109.4234,110.3472,111.271,112.426,113.581,114.736,115.891,117.046,118.2526,119.4592,120.6658,121.8724,123.079,124.9138,126.7486,128.5834,130.4182,132.253,134.6836,137.1142,139.5448,141.9754,144.406,148.6578,152.9096,157.1614,161.4132,165.665,171.8336,178.0022,184.1708,190.3394,196.508,204.0774,211.6468,219.2162,226.7856,234.355,241.6306,248.9062
VIR,VIRGIN ISLANDS (U.S.),49.7562,50.674,51.71,52.746,53.782,54.818,55.854,56.7526,57.6512,58.5498,59.4484,60.347,61.203,62.059,62.915,63.771,64.627,66.1338,67.6406,69.1474,70.6542,72.161,74.7406,77.3202,79.8998,82.4794,85.059,89.045,93.031,97.017,101.003,104.989,108.186,111.383,114.58,117.777,120.974,125.692,130.41,135.128,139.846,144.564,150.8872,157.2104,163.5336,169.8568,176.18,182.6024,189.0248,195.4472,201.8696,208.292,214.879,221.466
VNM,VIET NAM,68.146,68.638,69.0958,69.5536,70.0114,70.4692,70.927,71.9058,72.8846,73.8634,74.8422,75.821,77.044,78.267,79.49,80.713,81.936,83.4856,85.0352,86.5848,88.1344,89.684,91.5708,93.4576,95.3444,97.2312,99.118,101.204,103.29,105.376,107.462,109.548,112.4136,115.2792,118.1448,121.0104,123.876,139.0622,154.2484,169.4346,184.6208,199.807,190.998,182.189,173.38,164.571,155.762,158.374,160.986,163.598,166.21,168.822,174.7126,180.6032
VUT,VANUATU,109.8814,112.667,115.9572,119.2474,122.5376,125.8278,129.118,132.9746,136.8312,140.6878,144.5444,148.401,152.9334,157.4658,161.9982,166.5306,171.063,176.0358,181.0086,185.9814,190.9542,195.927,200.5792,205.2314,209.8836,214.5358,219.188,222.8398,226.4916,230.1434,233.7952,237.447,243.9332,250.4194,256.9056,263.3918,269.878,276.3788,282.8796,289.3804,295.8812,302.382,308.9034,315.4248,321.9462,328.4676,334.989,340.8062,346.6234,352.4406,358.2578,364.075,370.6552,377.2354
WSM,SAMOA,94.9932,97.345,100.2154,103.0858,105.9562,108.8266,111.697,114.5322,117.3674,120.2026,123.0378,125.873,129.6352,133.3974,137.1596,140.9218,144.684,150.1548,155.6256,161.0964,166.5672,172.038,178.9346,185.8312,192.7278,199.6244,206.521,213.4622,220.4034,227.3446,234.2858,241.227,248.401,255.575,262.749,269.923,277.097,284.4406,291.7842,299.1278,306.4714,313.815,321.275,328.735,336.195,343.655,351.115,358.6512,366.1874,373.7236,381.2598,388.796,396.3702,403.9444
YEM,YEMEN,209.1486,211.005,213.0624,215.1198,217.1772,219.2346,221.292,222.3684,223.4448,224.5212,225.5976,226.674,227.9758,229.2776,230.5794,231.8812,233.183,234.842,236.501,238.16,239.819,241.478,244.0838,246.6896,249.2954,251.9012,254.507,260.8198,267.1326,273.4454,279.7582,286.071,294.9892,303.9074,312.8256,321.7438,330.662,339.711,348.76,357.809,366.858,375.907,383.8042,391.7014,399.5986,407.4958,415.393,424.2412,433.0894,441.9376,450.7858,459.634,469.4674,479.3008
ZAF,SOUTH AFRICA,415.6498,412.249,434.7648,457.2806,479.7964,502.3122,524.828,521.4886,518.1492,514.8098,511.4704,508.131,470.1664,432.2018,394.2372,356.2726,318.308,300.0346,281.7612,263.4878,245.2144,226.941,229.0754,231.2098,233.3442,235.4786,237.613,245.8008,253.9886,262.1764,270.3642,278.552,287.892,297.232,306.572,315.912,325.252,331.9272,338.6024,345.2776,351.9528,358.628,364.9338,371.2396,377.5454,383.8512,390.157,397.7624,405.3678,412.9732,420.5786,428.184,435.7662,443.3484
ZMB,ZAMBIA,267.8288,278.431,312.8288,347.2266,381.6244,416.0222,450.42,485.506,520.592,555.678,590.764,625.85,631.3382,636.8264,642.3146,647.8028,653.291,642.1666,631.0422,619.9178,608.7934,597.669,571.7626,545.8562,519.9498,494.0434,468.137,444.3012,420.4654,396.6296,372.7938,348.958,341.3186,333.6792,326.0398,318.4004,310.761,312.6494,314.5378,316.4262,318.3146,320.203,324.6892,329.1754,333.6616,338.1478,342.634,345.9984,349.3628,352.7272,356.0916,359.456,363.3856,367.3152
ZWE,ZIMBABWE,355.5358,361.637,419.0738,476.5106,533.9474,591.3842,648.821,660.8298,672.8386,684.8474,696.8562,708.865,686.141,663.417,640.693,617.969,595.245,552.1078,508.9706,465.8334,422.6962,379.559,350.8562,322.1534,293.4506,264.7478,236.045,232.9234,229.8018,226.6802,223.5586,220.437,225.8466,231.2562,236.6658,242.0754,247.485,251.4406,255.3962,259.3518,263.3074,267.263,270.4582,273.6534,276.8486,280.0438,283.239,286.4186,289.5982,292.7778,295.9574,299.137,302.6688,306.2006
