Country code,Country name,2014,2013,2012,2011,2010,2009,2008,2007,2006,2005,2004,2003,2002,2001,2000,1999,1998,1997,1996,1995,1994,1993,1992,1991,1990
ABW,ARUBA,135.07,134.87,131.86,,129.73,126.21,119.2,112.22,108.13,103.38,99.64,72.1,65.06,57.05,16.51,13.48,6.16,3.98,3.61,2.14,,,0.03,0.0,0.0
AFG,AFGHANISTAN,74.88,70.66,65.45,60.33,45.78,37.89,29.22,17.72,9.83,4.83,2.5,0.87,0.11,0.0,0.0,0.0,0.0,0.0,0.0,0.0,0.0,0.0,0.0,0.0,0.0
AGO,ANGOLA,63.48,61.87,61.41,59.83,48.1,42.85,36.98,28.01,17.84,9.74,4.63,2.27,0.94,0.52,0.19,0.18,0.07,0.06,0.03,0.02,0.02,0.01,0.0,0.0,0.0
AIA,ANGUILLA,179.81,181.82,184.69,186.44,186.63,182.89,198.16,178.97,132.91,103.36,58.57,36.82,26.02,15.59,19.54,13.66,7.46,6.86,3.57,1.63,0.0,0.0,0.0,0.0,0.0
ALB,ALBANIA,105.47,116.16,110.69,98.29,85.47,78.18,58.91,73.35,60.07,47.88,39.16,33.96,26.08,11.95,0.9,0.33,0.17,0.1,0.07,0.0,0.0,0.0,0.0,0.0,0.0
AND,ANDORRA,82.64,80.7,81.5,83.53,84.07,82.06,80.28,78.12,84.28,79.48,73.82,68.6,45.77,43.28,36.0,32.15,22.13,13.45,8.54,4.42,1.25,1.28,1.31,0.0,0.0
ARE,UNITED ARAB EMIRATES,178.06,171.87,149.64,131.4,129.43,138.27,137.64,133.36,113.2,109.29,100.67,88.22,75.31,60.96,47.19,28.76,17.91,11.86,7.84,5.5,4.1,3.33,2.43,2.25,1.86
ARG,ARGENTINA,158.74,162.53,156.56,149.09,141.38,131.13,117.22,102.72,80.82,57.33,35.27,20.65,17.45,18.09,17.58,10.54,7.4,5.63,1.89,1.16,0.7,0.33,0.14,0.08,0.04
ARM,ARMENIA,115.92,112.42,111.91,108.34,130.43,73.83,48.43,62.76,41.95,10.55,6.72,3.77,2.34,0.83,0.57,0.26,0.25,0.16,0.01,0.0,0.0,0.0,0.0,0.0,0.0
ASM,AMERICAN SAMOA,,,,,,,,,,,3.8,3.55,3.47,3.71,3.46,3.17,2.68,2.55,2.41,2.36,2.32,1.77,1.41,0.0,0.0
ATG,ANTIGUA AND BARBUDA,120.02,127.09,143.01,199.66,192.55,156.34,160.04,133.16,132.0,104.16,66.08,56.98,47.74,31.66,28.33,11.18,2.02,1.94,1.85,,,,,,0.0
AUS,AUSTRALIA,131.23,106.84,105.59,104.61,100.43,100.74,102.19,100.06,94.7,89.76,81.51,71.9,64.27,57.12,44.46,33.19,26.17,24.66,21.76,12.37,6.81,3.89,2.84,1.68,1.08
AUT,AUSTRIA,151.91,156.23,160.54,154.43,145.69,136.58,129.66,119.26,112.12,105.18,97.54,89.34,83.24,81.26,76.27,53.08,28.63,14.47,7.48,4.8,3.5,2.81,2.21,1.49,0.96
AZE,AZERBAIJAN,110.91,107.61,108.77,109.97,100.06,86.32,73.76,51.53,38.36,26.18,17.21,12.63,9.59,8.91,5.18,4.6,0.81,0.5,0.22,0.08,0.01,0.0,0.0,0.0,0.0
BDI,BURUNDI,30.46,24.96,22.81,20.07,18.17,10.31,5.57,3.24,2.49,1.97,1.34,0.88,0.74,0.49,0.24,0.01,0.01,0.01,0.01,0.01,0.01,0.01,0.0,0.0,0.0
BEL,BELGIUM,114.27,110.9,111.33,113.53,111.08,108.4,105.28,100.56,93.01,91.4,87.46,82.87,78.36,74.72,54.82,31.11,17.18,9.55,4.69,2.32,1.26,0.67,0.61,0.51,0.43
BEN,BENIN,101.71,93.26,83.65,79.4,74.4,54.47,40.4,23.56,12.5,7.29,5.8,3.08,2.95,1.74,0.8,0.11,0.1,0.07,0.04,0.02,0.0,0.0,0.0,0.0,0.0
BFA,BURKINA FASO,71.74,66.38,60.61,48.03,36.73,25.33,20.63,13.05,7.35,4.72,3.04,1.88,0.9,0.64,0.22,0.04,0.02,0.01,0.01,0.0,0.0,0.0,0.0,0.0,0.0
BGD,BANGLADESH,75.92,74.43,62.82,55.19,44.95,34.35,30.17,23.47,13.21,6.29,1.97,0.98,0.78,0.39,0.21,0.11,0.06,0.02,0.0,0.0,0.0,0.0,0.0,0.0,0.0
BGR,BULGARIA,137.71,145.19,148.13,142.85,138.04,140.4,138.98,130.86,108.27,81.28,61.07,44.84,33.0,19.53,9.22,4.34,1.56,0.85,0.32,0.25,0.08,0.01,0.0,0.0,0.0
BHR,BAHRAIN,173.27,165.91,161.17,131.01,125.21,117.66,129.1,108.1,95.42,87.22,79.19,57.39,53.1,42.87,30.79,20.82,14.91,9.8,6.91,4.9,3.21,2.12,1.85,1.44,1.04
BHS,BAHAMAS,71.44,76.05,80.65,81.56,118.83,101.22,102.79,109.34,75.38,69.21,57.69,38.73,39.4,19.98,10.59,5.42,2.78,2.16,1.74,1.46,,0.89,0.98,0.77,0.75
BIH,BOSNIA AND HERZEGOWINA,91.28,91.1,87.57,82.6,80.87,84.53,82.33,63.34,48.72,41.09,36.21,27.59,19.21,11.46,2.44,1.4,0.69,0.25,0.04,0.0,0.0,0.0,0.0,0.0,0.0
BLR,BELARUS,122.5,118.79,113.52,113.17,108.87,101.68,85.06,72.61,61.95,42.42,23.04,11.43,4.7,1.39,0.49,0.23,0.12,0.08,0.06,0.06,0.02,0.0,0.0,0.0,0.0
BLZ,BELIZE,50.71,52.61,53.21,70.32,62.93,53.75,54.52,41.34,42.3,35.3,28.3,23.38,20.55,15.97,7.05,2.84,1.57,1.16,1.03,0.75,0.41,0.2,0.0,0.0,0.0
BMU,BERMUDA,90.88,144.32,139.54,,135.79,131.15,122.16,106.96,93.41,82.2,76.67,62.83,47.32,21.12,20.69,20.46,20.19,16.58,12.93,10.3,8.39,5.59,3.2,2.39,1.86
BOL,BOLIVIA,96.34,97.7,90.44,80.91,70.69,64.69,51.24,33.63,30.22,25.88,19.6,14.18,11.57,9.0,6.86,5.05,2.94,1.48,0.43,0.09,0.05,0.04,0.02,0.0,0.0
BRA,BRAZIL,138.95,135.31,125.0,119.0,100.88,87.54,78.55,63.67,53.11,46.31,35.65,25.51,19.44,16.24,13.29,8.74,4.35,2.73,1.52,0.79,0.36,0.12,0.02,0.0,0.0
BRB,BARBADOS,106.78,108.1,123.33,123.46,124.85,120.81,103.97,93.24,86.25,75.37,73.52,51.69,36.06,19.8,10.65,7.63,4.52,3.03,2.38,1.75,1.13,0.6,0.31,0.19,0.0
BRN,BRUNEI DARUSSALAM,110.06,112.21,113.95,109.02,108.62,104.69,102.79,95.99,80.44,63.32,56.11,50.15,44.35,42.17,28.63,20.34,15.49,14.52,14.39,12.16,5.44,2.97,1.51,1.14,0.69
BTN,BHUTAN,82.07,72.2,75.61,66.38,55.0,48.11,36.61,22.0,12.33,5.53,3.02,0.37,0.0,0.0,0.0,0.0,0.0,0.0,0.0,0.0,0.0,0.0,0.0,0.0,0.0
BWA,BOTSWANA,167.3,160.64,153.79,145.98,120.01,96.02,76.84,60.14,43.41,30.06,28.19,24.28,18.37,18.63,12.66,5.33,0.9,0.0,0.0,0.0,0.0,0.0,0.0,0.0,0.0
CAF,CENTRAL AFRICAN REPUBLIC,31.36,29.47,25.26,22.37,22.51,20.24,13.62,8.28,2.73,2.52,1.54,1.04,0.33,0.3,0.14,0.12,0.05,0.04,0.03,0.0,0.0,0.0,0.0,0.0,0.0
CAN,CANADA,82.98,80.61,79.57,77.83,75.68,70.55,66.2,61.47,57.49,52.76,47.06,42.07,37.95,34.37,28.43,22.72,17.74,14.05,11.82,8.84,6.44,4.65,3.62,2.77,2.11
CHE,SWITZERLAND,140.54,136.78,132.06,127.38,123.16,120.4,116.25,108.52,99.39,92.25,85.43,84.91,79.21,73.27,64.73,42.84,23.88,14.73,9.39,6.37,4.77,3.74,3.16,2.59,1.87
CHL,CHILE,133.26,134.29,137.08,128.93,115.75,96.81,87.91,83.72,75.44,64.69,57.28,45.44,39.47,32.62,22.01,14.81,6.4,2.76,2.18,1.37,0.81,0.61,0.47,0.27,0.11
CHN,CHINA,92.27,88.71,80.76,72.07,63.17,55.3,47.76,41.02,34.77,29.84,25.55,20.72,15.9,11.24,6.66,3.4,1.89,1.05,0.55,0.29,0.13,0.05,0.01,0.0,0.0
CIV,COTE D'IVOIRE,106.25,95.45,91.23,89.45,82.2,70.88,57.22,41.61,23.02,13.51,9.77,7.57,6.16,4.44,2.93,1.63,0.59,0.24,0.09,0.0,0.0,0.0,0.0,0.0,0.0
CMR,CAMEROON,75.69,70.39,60.41,49.57,41.88,39.81,31.44,23.75,16.85,12.42,8.66,6.25,4.18,2.55,0.65,0.04,0.03,0.03,0.02,0.02,0.01,0.0,0.0,0.0,0.0
COD,"CONGO, THE DRC",53.49,41.82,30.58,24.47,19.01,15.64,16.9,11.53,7.94,5.08,3.79,2.44,1.13,0.31,0.03,0.03,0.02,0.02,0.02,0.02,,,,0.0,0.0
COG,CONGO,108.15,104.77,98.76,91.94,90.44,73.8,46.61,34.26,25.16,15.76,11.12,9.81,6.75,4.68,2.24,0.16,0.11,,0.04,0.0,0.0,0.0,0.0,0.0,0.0
COK,COOK ISLANDS,,55.75,54.09,46.75,38.46,34.5,33.34,33.32,27.48,20.64,19.14,18.11,8.19,5.23,3.1,2.84,1.59,1.08,1.0,0.0,0.0,0.0,0.0,0.0,0.0
COL,COLOMBIA,113.08,104.08,102.85,98.13,95.76,92.05,91.61,76.27,67.89,50.6,24.46,14.77,11.15,8.05,5.66,5.01,4.67,3.34,1.4,0.75,0.24,0.0,0.0,0.0,0.0
COM,COMOROS,50.9,47.28,39.51,30.91,24.2,18.41,14.13,9.82,5.98,2.58,1.43,0.35,0.0,0.0,0.0,0.0,0.0,0.0,0.0,0.0,0.0,0.0,0.0,0.0,0.0
CPV,CAPE VERDE,121.79,100.11,86.03,80.81,76.27,59.83,57.29,31.47,22.59,17.07,13.89,11.42,9.35,6.99,4.46,1.86,0.24,0.0,0.0,0.0,0.0,0.0,0.0,0.0,0.0
CRI,COSTA RICA,143.83,145.97,111.92,87.66,66.99,42.39,41.62,33.79,32.87,25.49,21.74,18.66,12.27,8.15,5.39,3.6,2.9,1.76,1.3,0.54,0.21,0.14,0.09,0.0,0.0
CUB,CUBA,22.48,17.71,14.92,11.66,8.89,5.5,2.94,1.75,1.35,1.2,0.67,0.31,0.16,0.08,0.06,0.05,0.04,0.03,0.02,0.02,0.01,0.0,0.0,0.0,0.0
CYM,CAYMAN ISLANDS,153.75,167.77,171.68,170.98,181.17,200.27,185.8,197.19,185.02,166.47,71.46,45.71,42.47,39.25,25.67,21.13,13.7,11.54,,8.0,6.03,4.4,3.61,2.13,0.0
CYP,CYPRUS,96.34,96.36,98.4,97.71,93.69,89.64,94.4,92.97,82.78,75.78,64.8,55.28,42.65,32.69,23.15,16.39,12.82,10.32,8.11,5.2,2.74,1.87,1.22,0.66,0.41
CZE,CZECH REPUBLIC,130.03,127.73,126.85,124.09,122.56,124.57,132.35,127.96,120.74,115.1,105.63,95.15,84.3,67.9,42.4,18.93,9.38,5.1,1.94,0.47,0.29,0.14,0.04,0.01,0.0
DEU,GERMANY,120.42,120.92,111.59,109.66,106.48,126.23,126.56,115.14,102.28,94.55,85.06,77.34,70.66,67.15,57.72,28.08,16.66,9.91,6.61,4.48,3.01,2.16,1.19,0.66,0.34
DJI,DJIBOUTI,32.39,27.97,24.72,22.8,19.86,15.67,13.93,8.71,5.69,5.67,4.5,3.05,2.01,0.41,0.03,0.04,0.03,0.03,0.02,0.0,0.0,0.0,0.0,0.0,0.0
DMA,DOMINICA,127.45,129.96,152.47,152.55,148.34,138.74,128.38,125.72,101.15,73.71,59.49,33.95,17.44,11.07,1.72,1.14,0.92,0.79,0.65,0.0,0.0,0.0,0.0,0.0,0.0
DNK,DENMARK,125.96,127.12,130.28,128.66,115.67,123.7,119.3,115.37,107.12,100.58,95.71,88.56,83.4,73.96,63.01,49.41,36.44,27.37,25.06,15.71,9.66,6.89,4.08,3.41,2.88
DOM,DOMINICAN REPUBLIC,78.86,88.43,86.94,86.43,88.78,87.31,73.95,57.34,48.59,38.78,27.52,23.06,19.03,14.43,8.14,4.98,2.49,1.71,1.02,0.7,0.27,0.13,0.1,0.08,0.04
DZA,ALGERIA,93.31,100.79,97.52,94.31,88.44,89.96,75.66,78.53,60.85,40.23,14.59,4.38,1.38,0.31,0.27,0.23,0.06,0.06,0.04,0.02,0.0,0.02,0.02,0.02,0.0
ECU,ECUADOR,103.9,105.64,106.23,100.57,98.53,89.74,80.51,69.66,60.51,45.34,26.2,18.06,11.98,6.72,3.85,3.12,2.02,1.07,0.52,0.48,0.17,0.0,0.0,0.0,0.0
EGY,EGYPT,114.31,121.51,119.92,105.08,90.5,72.1,54.69,40.54,24.66,18.99,10.83,8.35,6.58,4.16,2.06,0.74,0.14,0.1,0.01,0.01,0.01,0.01,0.01,0.01,0.01
ERI,ERITREA,6.39,5.6,4.98,4.08,3.23,2.54,2.02,1.62,1.23,0.83,0.43,0.0,0.0,0.0,0.0,0.0,0.0,0.0,0.0,0.0,0.0,0.0,0.0,0.0,0.0
ESP,SPAIN,107.85,106.89,108.36,113.06,111.28,111.58,109.68,108.41,103.76,98.4,90.43,88.59,81.1,72.76,60.24,37.56,16.2,10.95,7.59,2.4,1.05,0.66,0.46,0.28,0.14
EST,ESTONIA,160.69,159.66,160.41,143.93,127.28,120.54,124.21,128.08,125.76,109.07,94.28,78.41,65.37,48.0,40.77,28.13,17.83,10.32,4.92,2.12,0.94,0.48,0.16,0.04,0.0
ETH,ETHIOPIA,31.59,27.25,22.37,15.8,7.87,4.78,2.37,1.5,1.11,0.54,0.21,0.07,0.07,0.04,0.03,0.01,0.0,0.0,0.0,0.0,0.0,0.0,0.0,0.0,0.0
FIN,FINLAND,139.66,136.58,172.32,165.89,156.31,144.09,128.42,114.88,107.63,100.45,95.4,91.06,86.86,80.48,72.03,63.38,55.23,42.07,29.3,20.34,13.28,9.66,7.67,6.37,5.17
FJI,FIJI,98.78,105.6,98.18,83.76,81.1,75.08,71.1,63.45,34.38,24.92,17.36,13.45,11.01,9.93,6.78,2.9,1.0,0.66,0.47,0.28,0.14,0.0,0.0,0.0,0.0
FLK,FALKLAND ISLANDS (MALVINAS),136.7,118.5,113.87,108.56,107.86,108.32,99.97,100.0,76.74,25.9,0.0,0.0,0.0,0.0,0.0,0.0,0.0,0.0,0.0,0.0,0.0,0.0,0.0,0.0,0.0
FRA,FRANCE,100.36,98.5,97.38,94.08,91.39,92.1,92.68,88.98,83.53,78.26,73.02,68.9,64.26,62.08,49.06,36.39,19.12,9.96,4.23,2.25,1.53,0.99,0.76,0.66,0.5
FRO,FAROE ISLANDS,124.12,120.68,118.62,118.01,119.9,114.91,110.6,105.28,101.12,85.51,84.66,78.72,72.75,51.95,36.5,23.5,14.46,10.58,7.41,5.8,4.39,3.53,3.69,3.01,0.0
FSM,"MICRONESIA, FEDERATED STATES OF",,30.32,30.19,26.69,26.56,26.45,26.32,26.11,17.61,13.27,11.99,5.49,0.09,0.0,0.0,0.0,0.0,0.0,0.0,0.0,0.0,0.0,0.0,0.0,0.0
GAB,GABON,210.37,214.75,179.47,148.69,103.46,95.45,87.67,80.77,63.56,53.4,36.33,22.8,21.73,11.95,9.79,0.74,0.83,0.84,0.61,0.37,0.25,0.12,0.03,0.0,0.0
GBR,UNITED KINGDOM,123.58,124.61,124.76,123.6,123.63,123.95,122.19,121.1,115.6,108.59,99.51,90.88,82.83,78.2,73.71,46.28,25.42,15.15,12.46,9.89,6.81,3.93,2.62,2.2,1.95
GEO,GEORGIA,124.94,115.03,107.81,101.28,90.65,64.46,62.44,58.74,38.32,26.24,18.62,15.58,10.9,6.44,4.11,2.77,1.23,0.61,0.05,0.0,0.0,0.0,0.0,0.0,0.0
GHA,GHANA,114.82,108.19,100.99,85.27,71.87,63.77,50.07,33.76,23.73,13.44,8.14,3.92,1.95,1.26,0.69,0.38,0.23,0.12,0.07,0.04,0.02,0.01,0.0,0.0,0.0
GIB,GIBRALTAR,129.54,,118.67,111.07,102.55,97.72,88.75,81.9,75.23,68.78,63.87,55.96,43.47,35.47,20.32,13.4,8.99,5.95,3.67,2.42,0.0,0.0,0.0,0.0,0.0
GIN,GUINEA,72.1,63.32,48.77,43.55,36.78,32.94,26.66,19.91,,1.97,1.65,1.21,1.0,0.63,0.48,0.29,0.26,0.03,0.01,0.01,0.01,0.0,0.0,0.0,0.0
GLP,GUADELOUPE,,,,,,,,,,,71.13,65.94,68.72,67.82,39.76,20.83,3.4,0.0,0.0,0.0,0.0,0.0,0.0,0.0,0.0
GMB,GAMBIA,119.63,99.98,85.2,80.76,87.96,80.63,73.9,52.33,27.28,17.23,12.57,11.07,7.65,4.35,0.46,0.44,0.44,0.42,0.28,0.14,0.08,0.05,0.02,0.0,0.0
GNB,GUINEA-BISSAU,63.48,55.15,63.07,45.11,42.69,36.13,32.97,19.96,10.83,6.95,2.84,0.09,0.0,0.0,0.0,0.0,0.0,0.0,0.0,0.0,0.0,0.0,0.0,0.0,0.0
GNQ,EQUATORIAL GUINEA,66.39,67.47,68.05,66.88,57.36,29.55,27.35,23.45,19.31,16.05,10.56,7.3,5.8,2.81,0.96,0.12,0.06,0.06,0.01,0.0,0.0,0.0,0.0,0.0,0.0
GRC,GREECE,114.96,116.82,120.1,109.08,110.65,119.8,124.51,111.1,99.34,92.92,84.5,81.0,84.47,72.31,54.0,35.66,18.79,8.66,4.94,2.56,1.45,0.46,0.0,0.0,0.0
GRD,GRENADA,126.53,125.59,123.16,115.02,116.5,109.71,57.75,49.6,44.73,45.51,42.19,41.31,7.4,6.3,4.23,1.98,1.39,0.97,0.57,0.4,0.35,0.29,0.19,0.15,0.16
GRL,GREENLAND,106.36,105.99,104.7,103.74,101.42,94.52,98.48,116.87,94.69,81.61,68.62,52.44,35.24,28.19,26.91,24.12,15.91,11.6,7.38,3.68,1.73,0.78,0.31,0.0,0.0
GTM,GUATEMALA,106.63,140.39,137.82,132.45,125.98,123.72,109.53,89.33,55.24,35.57,25.62,16.87,13.4,9.99,7.65,3.09,1.04,0.61,0.43,0.3,0.11,0.03,0.02,0.01,0.0
GUF,FRENCH GUIANA,,,,,,96.58,,,,,50.29,49.13,48.66,43.82,24.14,11.34,2.61,0.0,0.0,0.0,0.0,0.0,0.0,0.0,0.0
GUM,GUAM,,,,,,,,,,,61.95,50.56,44.84,20.84,17.51,12.99,8.43,3.77,3.92,3.41,2.87,1.36,0.95,0.65,0.0
GUY,GUYANA,70.54,69.41,68.78,66.86,71.29,62.55,57.72,69.93,52.26,36.98,22.68,18.31,10.58,10.07,5.35,0.38,0.2,0.19,0.16,0.17,0.17,0.14,0.12,0.0,0.0
HKG,HONG KONG,239.3,237.35,229.24,215.5,195.67,179.78,166.19,155.04,136.66,123.89,119.1,106.41,92.53,83.8,79.69,63.5,48.16,34.68,21.7,12.99,8.02,4.87,3.95,3.24,2.31
HND,HONDURAS,93.52,95.92,92.87,103.67,124.72,112.33,84.82,58.3,31.84,18.58,10.46,5.72,5.03,3.73,2.49,1.29,0.58,0.25,0.04,0.0,0.0,0.0,0.0,0.0,0.0
HRV,CROATIA (LOCAL NAME: HRVATSKA),104.43,110.05,115.41,118.3,113.61,107.47,104.46,115.23,100.38,83.16,64.45,57.52,52.25,39.47,23.08,6.54,4.01,2.62,1.4,0.72,0.46,0.24,0.13,0.04,0.01
HTI,HAITI,64.71,69.4,59.91,41.86,40.42,37.36,33.2,26.28,12.78,5.4,4.38,3.56,1.58,1.05,0.64,0.3,0.12,0.0,0.0,0.0,0.0,0.0,0.0,0.0,0.0
HUN,HUNGARY,118.05,116.43,116.07,116.94,119.94,117.56,121.68,109.63,98.9,92.31,86.26,78.33,67.72,48.72,30.09,15.88,10.41,6.84,4.58,2.56,1.38,0.44,0.22,0.08,0.03
IDN,INDONESIA,126.18,125.36,114.22,102.46,87.79,68.92,60.01,40.43,28.02,20.9,13.71,8.48,5.44,3.08,1.76,1.08,0.53,0.46,0.29,0.11,0.04,0.03,0.02,0.01,0.01
IND,INDIA,74.48,70.78,69.92,73.2,62.39,44.12,29.53,20.16,14.52,8.0,4.7,3.08,1.21,0.62,0.34,0.18,0.12,0.09,0.03,0.01,0.0,0.0,0.0,0.0,0.0
IRL,IRELAND,104.26,105.47,107.21,108.48,105.24,106.67,116.0,115.85,110.98,102.69,94.47,87.27,76.22,76.83,64.7,44.71,25.52,14.85,7.93,4.38,2.45,1.71,1.24,0.9,0.71
IRN,IRAN (ISLAMIC REPUBLIC OF),87.79,84.25,76.1,74.3,72.59,71.46,59.18,41.46,21.68,12.13,7.32,5.03,3.37,3.12,1.46,0.76,0.61,0.38,0.1,0.03,0.02,0.0,0.0,0.0,0.0
IRQ,IRAQ,94.91,96.1,81.63,80.16,75.14,66.69,59.56,48.79,33.3,5.6,2.15,0.31,0.08,0.0,0.0,0.0,0.0,0.0,0.0,0.0,0.0,0.0,0.0,0.0,0.0
ISL,ICELAND,111.08,108.11,108.05,106.84,107.24,108.26,108.9,106.93,100.41,95.4,98.94,96.46,90.77,87.35,76.42,62.01,37.84,23.96,17.33,11.55,8.25,6.63,5.87,5.01,3.93
ISR,ISRAEL,121.45,122.85,120.68,121.98,122.78,124.03,126.39,128.45,124.34,117.46,111.65,104.25,100.98,89.74,73.17,48.89,37.25,29.71,19.09,8.35,2.58,1.29,0.75,0.5,0.34
ITA,ITALY,154.25,158.82,159.63,158.15,154.8,149.51,150.89,150.96,136.12,121.86,107.69,98.1,94.26,89.59,74.13,53.27,36.04,20.63,11.28,6.89,3.93,2.12,1.38,1.0,0.47
JAM,JAMAICA,102.92,102.24,98.05,106.92,116.07,108.29,100.16,99.12,84.36,73.88,68.93,59.55,47.4,22.95,14.21,5.64,3.1,2.63,2.2,1.83,1.07,0.63,0.32,0.1,0.0
JOR,JORDAN,147.8,141.8,128.17,111.16,102.56,97.3,89.89,84.37,80.0,59.89,31.89,26.59,24.87,17.9,8.16,2.52,1.78,0.99,0.54,0.27,0.03,0.04,0.04,0.04,0.04
JPN,JAPAN,120.23,116.32,110.91,104.27,96.81,91.32,86.71,84.35,78.52,75.98,72.16,68.49,64.25,59.39,53.12,45.3,37.77,30.59,21.56,9.41,3.49,1.72,1.39,1.12,0.71
KAZ,KAZAKHSTAN,168.62,184.69,185.82,156.79,121.87,108.38,95.78,80.04,51.06,35.83,16.42,9.02,7.02,4.0,1.35,0.34,0.2,0.07,0.06,0.03,0.0,0.0,0.0,0.0,0.0
KEN,KENYA,73.84,71.76,71.17,66.81,61.03,48.62,42.05,30.06,19.97,12.89,7.31,4.69,3.6,1.87,0.41,0.08,0.04,0.02,0.01,0.01,0.01,0.0,0.0,0.0,0.0
KGZ,KYRGYZSTAN,134.46,121.45,124.18,116.17,98.9,85.22,65.3,42.23,24.83,10.74,5.25,2.76,1.06,0.54,0.18,0.05,0.03,0.0,0.0,0.0,0.0,0.0,0.0,0.0,0.0
KHM,CAMBODIA,155.11,133.89,128.53,94.19,56.74,44.31,30.39,18.79,12.7,7.95,6.55,3.85,2.99,1.79,1.07,0.75,0.52,0.29,0.21,0.13,0.1,0.05,0.0,0.0,0.0
KIR,KIRIBATI,17.41,16.61,15.88,13.89,10.84,10.29,1.05,0.8,0.76,0.72,0.69,0.6,0.58,0.47,0.36,0.25,0.03,0.0,0.0,0.0,0.0,0.0,0.0,0.0,0.0
KNA,SAINT KITTS AND NEVIS,139.81,142.09,141.83,145.36,152.81,145.95,145.76,127.78,102.36,103.79,59.89,46.14,10.65,4.54,2.63,1.56,0.99,0.47,0.69,,,,,,0.0
KOR,"KOREA, REPUBLIC OF",115.54,111.0,109.43,107.74,104.77,99.54,95.28,93.27,85.0,81.52,78.17,72.1,69.71,62.88,58.33,51.25,30.82,15.21,7.08,3.68,2.16,1.07,0.62,0.38,0.19
KWT,KUWAIT,218.43,190.29,156.9,157.91,133.01,91.87,55.51,55.83,48.79,60.19,80.79,67.1,59.91,44.33,24.97,16.5,14.52,12.84,9.53,7.41,5.17,3.66,2.7,2.15,1.01
LAO,LAOS ,66.99,68.14,64.7,84.05,62.59,51.61,32.94,24.59,17.12,11.36,3.58,2.0,0.99,0.54,0.24,0.23,0.12,0.1,0.08,0.03,0.01,0.01,0.01,0.0,0.0
LBN,LEBANON,88.35,80.56,80.81,77.19,65.97,56.28,34.09,30.44,27.12,24.92,22.95,21.56,22.05,22.84,22.96,19.86,16.23,12.09,6.45,3.96,0.0,0.0,0.0,0.0,0.0
LBR,LIBERIA,73.35,59.4,56.79,49.53,39.7,28.39,23.27,15.98,8.27,4.89,2.96,1.51,0.16,0.07,0.05,0.0,0.0,0.0,0.0,0.0,0.0,0.0,0.0,0.0,0.0
LBY,LIBYA,161.12,165.04,155.77,163.85,180.45,159.85,125.56,77.83,69.07,35.75,9.08,2.34,1.31,0.95,0.77,0.59,0.4,0.2,0.0,0.0,0.0,0.0,0.0,0.0,0.0
LCA,SAINT LUCIA,102.59,116.31,119.42,120.78,111.73,108.3,101.34,86.39,62.99,63.88,61.79,61.2,8.93,1.7,1.59,1.48,1.24,1.06,0.94,0.68,0.36,,,,0.0
LIE,LIECHTENSTEIN,104.32,104.07,98.43,101.6,98.28,97.63,95.55,90.67,82.09,79.17,74.03,73.23,33.71,32.86,30.22,27.54,23.27,,,,,,,,0.0
LKA,SRI LANKA,103.16,95.5,91.63,87.55,83.62,79.15,54.19,39.32,26.88,16.85,11.2,7.14,4.84,3.51,2.28,1.37,0.94,0.62,0.39,0.28,0.16,0.08,0.01,0.01,0.01
LSO,LESOTHO,101.9,86.3,75.3,60.72,49.15,33.22,30.08,24.67,18.45,12.97,10.26,6.63,7.32,3.05,1.16,0.65,0.54,0.19,0.07,0.0,0.0,0.0,0.0,0.0,0.0
LTU,LITHUANIA,147.04,151.34,165.06,162.22,159.4,159.95,159.79,153.98,145.68,132.45,91.54,62.22,48.1,29.41,14.98,9.4,7.52,4.61,1.41,0.41,0.12,0.03,0.01,0.0,0.0
LUX,LUXEMBURG,148.37,148.64,145.36,148.15,143.14,144.54,145.08,143.71,152.94,111.39,104.09,120.58,106.65,92.94,69.54,48.51,30.65,16.0,10.87,6.58,3.2,1.28,0.29,0.29,0.22
LVA,LATVIA,124.2,124.76,127.69,111.36,110.31,109.05,107.5,102.3,99.38,84.02,68.07,53.31,39.58,28.01,16.92,11.46,6.94,3.17,1.16,0.6,0.33,0.15,0.04,0.0,0.0
MAC,MACAU,322.59,304.08,289.78,247.71,209.92,198.88,183.75,161.05,132.63,113.8,94.31,80.77,62.17,44.39,32.66,27.76,19.61,12.83,11.05,9.0,5.47,3.93,2.78,1.31,0.62
MAR,MOROCCO,131.71,128.53,119.97,114.02,101.07,80.93,73.71,65.31,52.66,41.14,31.27,24.88,21.15,16.44,8.16,1.3,0.42,0.27,0.16,0.11,0.05,0.03,0.01,0.01,0.0
MCO,MONACO,88.46,93.74,88.33,85.31,63.55,63.34,61.65,58.26,53.27,50.85,47.23,45.74,45.55,44.19,43.41,41.14,36.41,23.05,17.44,9.79,8.41,3.82,0.0,0.0,0.0
MDA,"MOLDOVA, REPUBLIC OF",108.0,106.01,101.99,90.81,71.38,59.28,66.64,51.27,36.55,28.93,20.56,12.21,8.52,5.57,3.38,0.43,0.17,0.05,0.02,0.0,0.0,0.0,0.0,0.0,0.0
MDG,MADAGASCAR,38.22,36.91,39.38,40.04,36.58,30.66,24.27,11.45,5.56,2.79,1.88,1.64,0.97,0.91,0.4,0.23,0.09,0.03,0.02,0.01,0.0,0.0,0.0,0.0,0.0
MDV,MALDIVES,189.38,181.19,165.63,159.79,151.78,143.21,138.8,101.72,89.51,68.43,38.72,23.11,14.82,6.8,2.8,1.09,0.61,0.5,0.01,0.0,0.0,0.0,0.0,0.0,0.0
MEX,MEXICO,82.54,84.82,83.35,79.24,77.52,71.46,65.5,58.63,49.41,42.56,35.15,27.85,24.29,20.65,13.55,7.56,3.33,1.76,1.05,0.72,0.61,0.42,0.35,0.18,0.07
MHL,MARSHALL ISLANDS,29.37,,,,,,,,,1.27,1.24,1.15,1.06,0.94,0.86,0.85,0.66,0.9,0.71,0.52,0.55,0.0,0.0,0.0,0.0
MKD,MACEDONIA,109.1,106.17,106.17,105.2,102.44,92.51,93.75,85.59,60.36,54.11,47.25,37.29,17.61,10.81,5.64,2.4,1.49,0.62,0.05,0.0,0.0,0.0,0.0,0.0,0.0
MLI,MALI,149.02,129.07,98.38,75.07,53.2,32.9,26.17,19.89,12.27,6.38,3.52,2.2,0.42,0.23,0.1,0.06,0.05,0.03,0.01,0.0,0.0,0.0,0.0,0.0,0.0
MLT,MALTA,126.98,129.75,124.42,122.37,107.26,99.81,91.64,88.03,83.24,78.12,74.08,70.42,67.45,58.52,28.08,9.25,5.58,4.41,3.14,2.73,1.91,1.37,0.91,0.6,0.0
MMR,MYANMAR (Burma) ,49.47,12.83,7.06,2.38,1.14,0.97,0.72,0.49,0.42,0.26,0.19,0.13,0.1,0.05,0.03,0.02,0.02,0.02,0.02,0.01,0.0,0.0,0.0,0.0,0.0
MNE,MONTENEGRO,163.03,159.95,159.54,186.76,188.69,208.94,187.19,145.68,104.35,88.21,78.7,,,,,,,,,,,,,,
MNG,MONGOLIA,105.06,124.18,120.69,106.83,92.54,84.16,66.97,46.03,30.28,22.05,17.17,12.92,8.84,8.06,6.45,1.45,0.38,0.09,0.04,0.0,0.0,0.0,0.0,0.0,0.0
MNP,NORTHERN MARIANA ISLANDS,,,,,,,,,,,30.95,27.56,25.02,19.18,4.38,4.32,,,,2.09,1.4,1.4,,,0.0
MOZ,MOZAMBIQUE,69.67,48.0,34.94,31.96,30.14,25.56,19.35,13.89,10.84,7.16,3.46,2.19,1.32,0.81,0.28,0.07,0.04,0.01,0.0,0.0,0.0,0.0,0.0,0.0,0.0
MRT,MAURITANIA,94.2,102.53,106.04,89.52,76.91,62.06,61.12,42.46,32.74,23.7,17.1,11.83,8.59,3.96,0.56,0.0,0.0,0.0,0.0,0.0,0.0,0.0,0.0,0.0,0.0
MSR,MONTSERRAT,87.63,88.39,83.23,84.0,84.8,62.02,66.31,72.85,89.15,,46.93,40.23,34.27,26.64,9.87,5.18,3.6,3.96,2.67,0.82,0.66,0.54,0.54,,0.0
MTQ,MARTINIQUE,,,,,,,,,,,74.74,70.68,76.35,73.72,42.06,26.68,14.51,3.99,0.0,0.0,0.0,0.0,0.0,0.0,0.0
MUS,MAURITIUS,132.25,123.24,119.87,104.79,96.77,88.58,84.47,76.12,63.49,54.16,45.32,38.4,28.99,22.84,15.19,8.68,5.18,3.68,1.82,1.04,0.51,0.37,0.27,0.23,0.21
MWI,MALAWI,30.5,32.33,29.21,25.56,20.76,17.06,10.66,7.66,4.66,3.26,1.77,1.1,0.72,0.48,0.43,0.2,0.1,0.07,0.04,0.0,0.0,0.0,0.0,0.0,0.0
MYS,MALAYSIA,148.83,144.72,141.33,127.48,119.74,108.47,101.5,87.07,73.93,75.63,57.6,44.69,37.08,30.87,21.87,13.06,9.84,9.17,7.15,4.85,2.83,1.73,1.04,0.69,0.48
MYT,MAYOTTE,,,,,,,,,,,28.37,20.21,12.75,0.0,0.0,0.0,0.0,0.0,0.0,0.0,0.0,0.0,0.0,0.0,0.0
NAM,NAMIBIA,113.76,118.43,95.02,98.96,89.5,76.12,49.84,38.46,29.66,22.14,14.28,11.29,7.66,5.52,4.32,1.62,1.08,0.71,0.39,0.21,0.0,0.0,0.0,0.0,0.0
NCL,NEW CALEDONIA,93.56,93.76,91.25,91.0,89.62,86.28,82.06,74.76,66.72,58.7,51.73,43.86,36.74,31.75,23.78,12.35,6.46,2.63,1.06,0.44,0.0,0.0,0.0,0.0,0.0
NER,NIGER,44.44,39.29,31.45,28.72,23.08,16.98,12.88,6.34,3.53,2.46,1.36,0.67,0.49,0.02,0.02,0.02,0.01,0.0,0.0,0.0,0.0,0.0,0.0,0.0,0.0
NGA,NIGERIA,77.84,73.29,66.8,57.96,54.66,47.96,41.66,27.45,22.55,13.32,6.73,2.38,1.21,0.21,0.02,0.02,0.02,0.01,0.01,0.01,0.01,0.01,0.0,0.0,0.0
NIC,NICARAGUA,114.57,111.98,97.66,81.68,68.05,58.23,54.83,44.72,33.13,20.52,13.71,8.78,4.52,3.18,1.77,0.88,0.37,0.16,0.11,0.09,0.05,0.01,0.0,0.0,0.0
NIU,NIUE,,,,,,,,,,,37.62,33.94,27.09,21.6,21.58,19.47,,,0.0,0.0,0.0,0.0,0.0,0.0,0.0
NLD,NETHERLANDS,116.42,116.16,117.97,118.98,115.43,121.66,124.98,117.29,105.62,97.13,91.24,81.82,75.43,76.49,67.81,42.77,21.36,11.0,6.55,3.5,2.1,1.42,1.1,0.77,0.53
NOR,NORWAY,116.51,116.27,116.09,115.81,114.48,110.73,109.07,106.71,104.28,102.81,98.61,89.05,83.54,79.58,71.78,59.64,46.67,38.0,28.76,22.51,13.58,8.62,6.6,5.5,4.64
NPL,NEPAL,82.49,76.85,60.45,49.18,34.25,21.09,16.0,12.6,4.51,0.9,0.47,0.33,0.09,0.07,0.04,0.02,0.0,0.0,0.0,0.0,0.0,0.0,0.0,0.0,0.0
NRU,NAURU,,,67.78,66.84,61.85,,,,,,,,,14.92,11.95,9.96,8.45,7.46,5.98,5.02,4.56,1.54,0.0,0.0,0.0
NZL,NEW ZEALAND,112.05,105.78,110.36,109.2,107.83,108.72,107.99,100.44,90.85,85.39,74.21,64.64,61.81,58.56,39.97,36.54,20.88,15.09,13.26,9.93,6.6,4.03,2.86,2.1,1.59
OMN,OMAN,157.75,154.65,159.25,159.0,164.34,149.09,124.13,97.29,71.16,52.86,32.72,24.86,20.06,14.43,7.39,5.57,4.51,2.43,0.69,0.37,0.32,0.27,0.24,0.19,0.15
PAK,PAKISTAN,73.33,70.13,67.06,61.81,57.28,55.46,52.7,38.34,21.45,8.08,3.24,1.58,1.13,0.51,0.21,0.19,0.14,0.1,0.05,0.03,0.02,0.01,0.01,0.01,0.0
PAN,PANAMA,158.05,162.97,163.42,180.08,180.7,167.78,110.18,86.24,63.42,51.95,38.14,21.37,16.54,15.25,13.43,7.78,2.93,0.82,0.25,0.0,0.0,0.0,0.0,0.0,0.0
PER,PERU,102.92,98.08,98.0,109.61,99.5,85.37,73.19,54.42,32.54,20.14,14.93,10.82,8.63,6.8,4.9,3.96,2.95,1.7,0.82,0.31,0.22,0.16,0.1,0.03,0.01
PHL,PHILIPPINES,111.22,104.5,105.45,99.09,88.98,82.26,75.37,64.52,49.07,40.52,39.1,27.25,19.0,15.33,8.31,3.75,2.33,1.85,1.35,0.71,0.25,0.15,0.09,0.05,0.0
PLW,PALAU,90.6,85.79,82.64,74.95,70.89,62.64,57.68,53.14,41.7,30.4,19.81,19.92,12.56,,,,,,,,,,,,
PNG,PAPUA NEW GUINEA,44.93,40.98,37.8,34.22,27.83,21.14,13.34,4.69,1.6,1.23,0.81,0.3,0.27,0.19,0.16,0.13,0.11,0.08,0.05,0.0,0.0,0.0,0.0,0.0,0.0
POL,POLAND,156.45,149.08,141.55,131.29,122.92,117.31,115.02,108.38,96.21,76.34,60.42,45.49,36.31,26.11,17.59,10.31,5.02,2.11,0.56,0.19,0.1,0.04,0.01,0.0,0.0
PRI,PUERTO RICO,87.11,83.65,82.55,83.98,79.09,72.93,68.22,65.03,58.64,53.0,48.98,45.15,43.4,42.85,34.71,21.49,15.39,9.8,8.85,7.78,4.78,2.62,1.67,0.94,0.58
PRK,"KOREA, D.P.R.O.",11.19,9.72,6.87,4.06,1.76,0.28,0.0,0.0,0.0,0.0,0.0,0.0,0.0,0.0,0.0,0.0,0.0,0.0,0.0,0.0,0.0,0.0,0.0,0.0,0.0
PRT,PORTUGAL,111.8,113.04,112.39,116.39,115.3,111.48,132.92,127.68,116.04,108.91,100.89,95.82,83.4,77.07,64.67,45.52,30.08,14.8,6.54,3.38,1.73,1.01,0.37,0.13,0.07
PRY,PARAGUAY,105.6,103.69,101.59,99.33,91.66,88.52,92.86,76.64,53.75,31.96,30.19,31.16,29.92,21.06,15.34,8.31,4.51,1.68,0.67,0.33,0.16,0.07,0.03,0.0,0.0
PSE,STATE OF PALESTINE,72.08,73.74,74.3,70.12,64.88,45.99,34.43,27.42,22.58,15.94,12.51,7.71,7.48,5.35,0.22,,,,,,0.0,0.0,0.0,,0.0
PYF,FRENCH POLYNESIA,85.66,85.58,82.54,82.26,80.54,78.47,71.19,67.16,58.98,47.08,38.12,24.18,21.32,27.89,16.82,9.41,4.84,2.43,1.24,0.53,0.0,0.0,0.0,0.0,0.0
QAT,QATAR,145.76,152.64,126.86,120.48,124.96,124.6,105.18,109.7,95.06,87.29,68.07,57.03,42.35,29.08,20.36,14.75,11.95,8.21,5.61,3.69,2.33,0.87,0.86,0.84,0.8
REU,REUNION,,,,,,,,,,,73.87,67.44,59.64,56.09,37.36,15.27,7.04,3.81,2.03,0.81,0.0,0.0,0.0,0.0,0.0
ROU,ROMANIA,105.91,105.58,104.99,107.39,111.43,114.54,111.4,92.66,72.47,60.39,46.1,31.71,22.97,17.23,11.16,6.03,2.85,0.88,0.07,0.04,0.01,0.0,0.0,0.0,0.0
RUS,RUSSIA,155.14,152.84,145.33,142.05,165.5,160.1,138.87,119.18,104.84,83.37,51.08,24.94,12.1,5.3,2.22,0.93,0.51,0.33,0.15,0.06,0.02,0.01,0.0,0.0,0.0
RWA,RWANDA,64.02,56.8,49.67,39.9,32.75,23.07,12.94,6.4,3.25,2.36,1.48,1.43,0.92,0.74,0.46,0.14,0.07,0.0,0.0,0.0,0.0,0.0,0.0,0.0,0.0
SAU,SAUDI ARABIA,179.56,184.2,187.36,194.51,189.17,167.43,136.54,109.59,77.64,57.37,38.49,31.67,22.95,12.1,6.83,4.26,3.25,1.74,1.01,0.09,0.09,0.09,0.09,0.09,0.09
SDN,SUDAN,72.2,72.85,74.36,68.78,41.54,36.11,28.95,20.36,11.9,4.76,2.8,1.44,0.53,0.3,0.07,0.04,0.03,0.01,0.01,0.0,0.0,0.0,0.0,0.0,0.0
SEN,SENEGAL,98.84,92.93,83.57,70.16,64.43,54.83,44.03,30.5,25.75,15.35,10.22,7.33,5.33,2.98,2.54,0.91,0.29,0.08,0.02,0.0,0.0,0.0,0.0,0.0,0.0
SGP,SINGAPORE,158.13,155.92,152.13,150.12,145.4,138.69,132.3,125.19,103.78,97.53,91.21,84.07,80.1,74.36,70.12,42.66,29.31,23.23,12.07,8.79,6.95,5.44,3.76,2.64,1.71
SLB,SOLOMON ISLANDS,65.76,57.57,54.98,51.09,21.94,9.71,5.96,2.21,1.46,1.28,0.66,0.24,0.23,0.23,0.28,0.27,0.18,0.17,0.09,0.06,0.04,0.0,0.0,0.0,0.0
SLE,SIERRA LEONE,76.66,65.66,36.96,36.43,34.77,20.56,18.24,14.33,,,,2.4,1.49,0.63,0.29,0.0,0.0,0.0,0.0,0.0,0.0,0.0,0.0,0.0,0.0
SLV,EL SALVADOR,144.03,141.82,137.34,132.93,123.84,122.36,112.99,100.24,63.18,39.72,30.29,19.07,14.79,14.33,12.48,8.63,2.33,0.69,0.4,0.23,0.09,0.03,0.0,0.0,0.0
SMR,SAN MARINO,118.85,116.95,115.21,114.23,99.11,97.56,79.88,57.61,57.72,57.6,58.33,58.89,59.72,57.72,53.78,36.02,18.92,9.0,8.79,9.11,7.48,5.18,3.63,,0.0
SOM,SOMALIA,50.9,49.38,22.56,18.17,6.73,6.83,6.86,6.73,6.33,5.91,6.06,2.49,1.28,1.12,1.08,0.0,0.0,0.0,0.0,0.0,0.0,0.0,0.0,0.0,0.0
SPM,ST. PIERRE AND MIQUELON,,,,,,,,,,,,,,,,0.0,0.0,0.0,0.0,0.0,0.0,0.0,0.0,0.0,0.0
SRB,SERBIA,122.13,119.39,117.77,130.25,125.3,124.4,119.83,104.48,81.46,67.02,47.18,,,,,,,,,,,,,,
SSD,SOUTH SUDAN,24.5,25.26,21.22,17.34,14.45,,,,,,,,,,,,,,,,,,,,
STP,SAO TOME AND PRINCIPE,64.94,64.94,64.95,62.8,57.64,46.66,30.04,18.42,11.6,7.73,5.13,3.27,1.37,0.0,0.0,0.0,0.0,0.0,0.0,0.0,0.0,0.0,0.0,0.0,0.0
SUR,SURINAME,170.57,161.07,106.46,100.71,99.28,146.86,127.5,74.45,63.34,46.6,43.13,34.61,22.57,18.38,8.8,3.8,1.32,0.5,0.55,0.39,0.32,0.25,0.0,0.0,0.0
SVK,SLOVAKIA (SLOVAK REPUBLIC),116.94,113.91,111.91,109.98,109.05,101.34,101.93,112.25,90.66,84.21,79.34,68.28,54.26,39.85,23.08,12.33,8.64,3.72,0.53,0.23,0.11,0.06,0.03,0.0,0.0
SVN,SLOVENIA,112.08,110.21,108.39,105.17,103.3,102.75,101.1,95.46,90.57,87.95,92.68,87.33,83.78,73.88,61.1,31.74,8.13,4.71,2.07,1.37,0.82,0.33,0.17,0.03,0.0
SWE,SWEDEN,127.84,125.53,124.57,121.22,117.16,112.13,108.44,110.46,105.69,100.82,97.81,98.43,89.2,80.76,71.82,57.83,46.37,35.77,28.16,22.75,15.71,8.86,7.56,6.59,5.39
SWZ,SWAZILAND,72.32,71.47,65.39,63.24,60.83,56.61,46.07,33.48,22.36,18.11,13.24,7.81,6.28,5.12,3.1,1.34,0.46,0.0,0.0,0.0,0.0,0.0,0.0,0.0,0.0
SYC,SEYCHELLES,162.19,147.34,147.8,137.9,128.92,122.18,103.98,86.7,79.74,67.52,63.4,58.45,54.15,45.24,32.54,20.73,6.66,2.91,1.37,0.07,0.0,0.0,0.0,0.0,0.0
SYR,SYRIAN ARAB REPUBLIC,70.95,56.13,59.3,59.24,54.32,47.65,34.68,31.87,24.86,16.24,13.27,6.85,2.35,1.2,0.18,0.03,0.0,0.0,0.0,0.0,0.0,0.0,0.0,0.0,0.0
TCA,TURKS AND CAICOS ISLANDS,,,,,,,,,,,100.24,82.7,41.64,,,,,,0.0,0.0,0.0,0.0,0.0,0.0,0.0
TCD,CHAD,39.75,35.56,35.36,30.34,24.53,20.06,14.51,8.59,4.5,2.1,1.27,0.7,0.38,0.26,0.07,0.0,0.0,0.0,0.0,0.0,0.0,0.0,0.0,0.0,0.0
TGO,TOGO,68.97,62.53,49.86,41.64,41.27,35.6,25.88,20.4,12.45,7.83,6.16,4.63,3.22,1.9,1.03,0.36,0.16,0.07,0.0,0.0,0.0,0.0,0.0,0.0,0.0
THA,THAILAND,144.44,140.05,127.29,116.33,108.02,99.51,93.43,80.17,60.9,46.46,41.43,33.52,27.35,11.97,4.9,3.8,3.25,3.66,3.1,2.2,1.26,0.71,0.43,0.22,0.11
TJK,TAJIKISTAN,95.13,91.83,81.51,80.92,77.89,65.79,50.49,29.99,30.92,3.89,2.03,0.73,0.21,0.03,0.02,0.01,0.01,0.01,0.0,0.0,0.0,0.0,0.0,0.0,0.0
TKL,TOKELAU,,,,,,,,,,0.0,0.0,0.0,,0.0,0.0,0.0,0.0,0.0,0.0,0.0,0.0,0.0,0.0,0.0,0.0
TKM,TURKMENISTAN,135.78,116.89,114.06,103.79,63.42,42.84,23.08,7.86,4.52,2.21,1.07,0.2,0.18,0.18,0.17,0.09,0.07,0.06,0.0,0.0,0.0,0.0,0.0,0.0,0.0
TLS,EAST TIMOR,58.74,57.38,55.74,56.02,43.82,32.97,11.9,7.55,4.82,3.32,2.66,2.15,,,,,,,,,,,,,0.0
TON,TONGA,64.28,54.59,53.36,52.6,52.16,51.18,49.03,45.48,29.57,29.59,16.35,11.23,3.39,0.24,0.18,0.14,0.13,0.12,0.31,0.31,0.0,0.0,0.0,0.0,0.0
TTO,TRINIDAD AND TOBAGO,147.34,144.94,140.84,136.99,142.63,139.61,137.2,115.25,116.52,71.25,50.46,26.2,20.57,20.13,12.77,3.06,2.08,1.36,0.76,0.51,0.21,0.13,0.1,0.03,0.0
TUN,TUNISIA,128.49,115.6,118.11,115.2,104.54,93.21,82.78,76.34,72.23,56.52,37.55,19.47,5.89,4.03,1.25,0.58,0.42,0.08,0.07,0.04,0.03,0.03,0.02,0.01,0.01
TUR,TURKEY,94.79,92.96,91.46,89.41,85.63,88.12,93.55,89.18,76.74,64.37,51.92,42.29,35.87,30.53,25.54,13.05,5.72,2.67,1.36,0.75,0.3,0.15,0.11,0.09,0.06
TUV,TUVALU,38.41,34.43,28.4,21.64,16.28,10.2,,18.44,16.44,13.41,5.18,0.0,0.0,0.0,0.0,0.0,0.0,0.0,0.0,0.0,0.0,0.0,0.0,0.0,0.0
TZA,"TANZANIA, UNITED REPUBLIC OF",62.77,55.72,56.96,55.37,46.66,40.03,30.71,20.07,14.04,7.63,5.14,3.53,1.69,0.79,0.32,0.15,0.12,0.06,0.03,0.01,0.0,0.0,0.0,0.0,0.0
UGA,UGANDA,52.43,48.08,45.0,47.5,37.74,28.55,26.92,13.65,6.76,4.58,4.2,2.89,1.52,1.13,0.52,0.24,0.13,0.02,0.02,0.01,0.0,0.0,0.0,0.0,0.0
UKR,UKRAINE,144.08,138.06,130.34,121.34,117.11,118.75,119.84,118.41,104.7,63.67,28.95,13.59,7.66,4.58,1.67,0.44,0.23,0.11,0.06,0.03,0.01,0.0,0.0,0.0,0.0
URY,URUGUAY,160.8,154.62,147.13,140.61,131.59,122.35,104.75,89.99,69.97,34.73,18.04,14.96,15.43,15.63,12.37,9.64,4.6,3.03,2.42,1.24,0.21,0.16,0.05,0.0,0.0
USA,UNITED STATES,98.41,97.08,96.01,94.44,91.31,88.62,85.21,82.06,76.29,68.32,62.55,54.85,48.85,44.69,38.47,30.58,24.89,20.14,16.24,12.6,9.1,6.1,4.25,2.94,2.08
UZB,UZBEKISTAN,73.79,74.31,71.03,90.37,75.45,59.94,45.79,21.34,9.61,2.76,2.11,1.26,0.74,0.51,0.21,0.16,0.11,0.07,0.04,0.02,0.0,0.0,0.0,0.0,0.0
VCT,SAINT VINCENT AND THE GRENADINES,105.16,114.63,116.11,120.53,120.56,110.86,119.18,101.33,80.47,64.94,66.32,58.06,9.23,6.94,2.19,1.32,0.69,0.32,0.26,0.2,0.14,0.08,0.06,,0.0
VEN,VENEZUELA,98.95,101.61,102.05,97.56,96.0,98.39,97.49,86.13,69.1,46.76,32.07,27.19,25.82,26.03,22.32,15.81,8.56,4.66,2.58,1.83,1.48,0.86,0.38,0.08,0.04
VGB,VIRGIN ISLANDS (BRITISH),169.56,188.44,173.39,168.04,174.57,177.19,89.44,83.42,,,,,37.18,,,,,,6.37,,,,,,0.0
VIR,VIRGIN ISLANDS (U.S.),,,,,,,,,,74.51,59.43,45.54,41.64,37.78,32.25,27.67,23.09,14.81,,,,,,,0.0
VNM,VIET NAM,147.11,134.97,145.02,141.6,125.29,111.37,85.7,52.02,22.03,11.29,5.89,3.29,2.3,1.53,0.97,0.41,0.28,0.21,0.09,0.03,0.02,0.01,0.0,0.0,0.0
VUT,VANUATU,60.41,50.34,59.08,56.65,71.92,57.05,15.97,11.82,6.99,6.06,5.15,3.92,2.53,0.18,0.2,0.17,0.12,0.12,0.09,0.07,0.04,0.0,0.0,0.0,0.0
WLF,WALLIS AND FUTUNA ISLANDS,0.0,,,,,,,,0.0,0.0,0.0,0.0,0.0,0.0,0.0,0.0,0.0,0.0,0.0,0.0,0.0,0.0,0.0,0.0,0.0
WSM,SAMOA,55.53,52.47,53.1,,48.38,,,47.19,25.13,13.34,8.95,5.91,1.53,1.42,1.43,1.4,0.86,0.44,0.0,0.0,0.0,0.0,0.0,0.0,0.0
YEM,YEMEN,68.49,69.01,58.28,50.07,48.7,37.4,29.7,20.53,14.41,11.31,7.53,3.54,2.62,0.82,0.18,0.16,0.1,0.08,0.06,0.05,0.06,0.04,0.01,0.0,0.0
ZAF,SOUTH AFRICA,149.68,145.64,130.56,123.2,97.9,91.25,89.52,85.28,81.08,70.4,43.82,35.97,29.67,23.7,18.59,11.74,7.66,4.28,2.26,1.29,0.84,0.1,0.03,0.02,0.02
ZMB,ZAMBIA,67.34,71.5,74.78,59.88,41.21,34.36,28.41,21.79,14.12,8.28,4.16,2.21,1.31,1.17,0.98,0.29,0.09,0.05,0.03,0.02,0.0,0.0,0.0,0.0,0.0
ZWE,ZIMBABWE,80.82,96.35,91.91,68.87,58.88,30.96,12.94,9.62,6.67,5.09,3.35,2.87,2.68,2.49,2.13,1.4,0.16,0.05,0.0,0.0,0.0,0.0,0.0,0.0,0.0
