Country code,Country name,2010,2009,2008,2007,2006,2005,2004,2003,2002,2001,2000,1999,1998,1997,1996,1995,1994,1993,1992,1991,1990,1989,1988,1987,1986,1985,1984,1983,1982,1981,1980,1979,1978,1977,1976,1975,1974,1973,1972,1971,1970,1969,1968,1967,1966,1965,1964,1963,1962,1961,1960
ABW,ARUBA,33.7293424018426,,,,,33.4116423908588,,,,,32.4627440621629,,,,,25.7886612055872,,,,,23.2412949732896,,,,,15.6438408326458,,,,,11.7528620873269,,,,,11.9726320995796,,,,,12.6403115212055,,,,,13.3838912133891,,,,,14.5605814639906
AFG,AFGHANISTAN,0.320035219614807,,,,,0.347739448220908,,,,,0.36861215341708,,,,,0.399207941420464,,,,,0.491731744588978,,,,,0.486756110277607,,,,,0.447792640468282,,,,,0.454461076866327,,,,,0.481597905374559,,,,,0.507270086118659,,,,,0.529583654341474
AGO,ANGOLA,0.334475345289129,,,,,0.338816042382016,,,,,0.331118361097686,,,,,0.309807093824081,,,,,0.324342035741976,,,,,1.2009957140868,,,,,1.17702422935494,,,,,0.462770736775246,,,,,0.820787549170584,,,,,1.41842575077188,,,,,2.458503725744
ALB,ALBANIA,3.05888629021212,,,,,2.74508905401219,,,,,2.48282064222812,,,,,2.23208347867986,,,,,2.00858531550791,,,,,2.11797776684941,,,,,2.23540670142968,,,,,2.36257766138244,,,,,2.53081392980217,,,,,2.75682368694401,,,,,3.03959472899055
AND,ANDORRA,71.6841875569589,,,,,61.9319650837817,,,,,64.4444104649918,,,,,69.2282394211796,,,,,71.3690814697951,,,,,72.43985021414,,,,,71.5192856944791,,,,,60.6493844851169,,,,,55.3811936241196,,,,,37.6421756239556,,,,,18.6148799761443
ARE,UNITED ARAB EMIRATES,39.0126110920322,,,,,69.0071761483754,,,,,75.5422369902774,,,,,73.1354193082314,,,,,73.6410447174589,,,,,74.8087540398065,,,,,70.7983149804153,,,,,58.6400171189807,,,,,28.431427596543,,,,,17.7537395535086,,,,,2.44844210338363
ARG,ARGENTINA,3.58964917814891,,,,,3.86583948490387,,,,,4.17368832785633,,,,,4.55829914752514,,,,,5.05724251992513,,,,,5.86822152983451,,,,,6.83068555680831,,,,,7.91777493002325,,,,,9.25582516894696,,,,,10.806507472453,,,,,12.612433341004
ARM,ARMENIA,10.9392420303587,,,,,16.3377631954711,,,,,18.6676432285317,,,,,21.1455295759799,,,,,18.5852097289047,,,,,,,,,,,,,,,,,,,,,,,,,,,,,,
ASM,AMERICAN SAMOA,50.9921633474729,,,,,44.9701439518243,,,,,43.3086471263169,,,,,43.54881416197,,,,,45.2406257971261,,,,,43.5014141208245,,,,,41.8843973379344,,,,,36.2254443405051,,,,,26.5572328887586,,,,,17.7310995832979,,,,,11.9128522886268
ATG,ANTIGUA AND BARBUDA,23.990920867103,,,,,22.0698843335554,,,,,20.4332371728828,,,,,20.2124390993284,,,,,19.4310729170032,,,,,15.9314918471648,,,,,12.9727884382868,,,,,11.4666512642052,,,,,10.5768789487372,,,,,9.73463195480529,,,,,8.90254384521132
AUS,AUSTRALIA,21.3849526593379,,,,,21.2595661639241,,,,,21.0279225186655,,,,,21.3243470562196,,,,,20.9864753209767,,,,,19.9484706180987,,,,,19.7144296215628,,,,,19.1423954509465,,,,,19.6411769409131,,,,,18.0429135932561,,,,,16.5239994212024
AUT,AUSTRIA,15.6660852447161,,,,,14.0530873940137,,,,,12.4388540267908,,,,,12.4458782141239,,,,,10.3315251014281,,,,,9.62759344532739,,,,,9.53658374079219,,,,,9.51373833389872,,,,,9.06215624140394,,,,,10.2462711231048,,,,,11.445740137089
AZE,AZERBAIJAN,2.91506872069635,,,,,3.0328115969661,,,,,4.31801804040454,,,,,6.82521795705921,,,,,5.03701634306467,,,,,,,,,,,,,,,,,,,,,,,,,,,,,,
BDI,BURUNDI,0.658200213955686,,,,,1.04970251179091,,,,,1.15222811848339,,,,,4.75104119648504,,,,,5.94216101577756,,,,,7.19302159230272,,,,,5.42321432639176,,,,,3.80041724333837,,,,,4.16011857292487,,,,,5.99645862955719,,,,,4.53300272002411
BEL,BELGIUM,8.9269662880192,,,,,8.4179047673944,,,,,8.5747396658944,,,,,9.03178524291318,,,,,8.94454801006363,,,,,8.84351554039496,,,,,9.09626723839419,,,,,8.36880018774169,,,,,7.20167232334485,,,,,6.41251430338789,,,,,4.82389829714112
BEN,BENIN,2.43996770488711,,,,,2.29254095577781,,,,,1.9243482067285,,,,,2.44146925868468,,,,,1.52385263665976,,,,,1.57939925775489,,,,,1.5446376892672,,,,,1.54408927602216,,,,,1.53898057239072,,,,,1.47308878724794,,,,,1.39902616362754
BFA,BURKINA FASO,6.71181427572366,,,,,5.75784598473141,,,,,4.93480154625143,,,,,4.5960723402349,,,,,3.91258323513259,,,,,3.53596158962473,,,,,2.49876884112774,,,,,1.72888407077173,,,,,1.5880604423748,,,,,1.44894489116536,,,,,1.30335902309469
BGD,BANGLADESH,0.71817474849955,,,,,0.720917107869638,,,,,0.746206856282023,,,,,0.839619157770505,,,,,0.820980626990818,,,,,0.893175677740947,,,,,0.97520147047629,,,,,1.06355380896964,,,,,1.09636778263515,,,,,1.19783402958706,,,,,1.33518185857575
BGR,BULGARIA,1.45011918574817,,,,,1.3446685357692,,,,,1.23620408480996,,,,,0.554480472258905,,,,,0.246722722772783,,,,,0.243802080386387,,,,,0.244980130417586,,,,,0.246687724507846,,,,,0.249588495253119,,,,,0.253322457560596,,,,,0.257964093228566
BHR,BAHRAIN,25.2017358189647,,,,,31.6265204073975,,,,,35.8204175452196,,,,,36.5382363897611,,,,,34.9232977916862,,,,,32.6761637956727,,,,,28.7483815038538,,,,,22.5328663671884,,,,,17.806496419555,,,,,20.4736639836027,,,,,16.4509756863035
BHS,BAHAMAS,9.26662561234736,,,,,9.6120186697783,,,,,10.0591417891651,,,,,10.1271201571148,,,,,10.4764022501541,,,,,10.8354212472942,,,,,11.4297920820279,,,,,14.409525523872,,,,,18.2550367273672,,,,,13.3910274261151,,,,,10.3454887423991
BIH,BOSNIA AND HERZEGOWINA,0.722322226957388,,,,,0.905736027473383,,,,,2.50370074411297,,,,,2.08239373177362,,,,,1.23715594637901,,,,,,,,,,,,,,,,,,,,,,,,,,,,,,
BLR,BELARUS,11.4897576396207,,,,,11.4545896719445,,,,,11.2302448775612,,,,,11.6207965469884,,,,,12.2580920600648,,,,,,,,,,,,,,,,,,,,,,,,,,,,,,
BLZ,BELIZE,15.1677765355887,,,,,14.9429979405708,,,,,15.2934371673107,,,,,18.5787729148346,,,,,16.2109708240915,,,,,15.5673191200369,,,,,9.61422397347226,,,,,8.21920892083956,,,,,8.34595143191547,,,,,8.32163285306395,,,,,8.2775774427597
BMU,BERMUDA,30.6215834408206,,,,,29.2592823518409,,,,,28.5737389419889,,,,,27.8361731329294,,,,,26.4352897549135,,,,,26.2170902316426,,,,,25.9539052496799,,,,,27.0471698113208,,,,,25.9236363636364,,,,,22.1217564870259,,,,,19.704954954955
BOL,BOLIVIA,1.43568699804196,,,,,1.21817792514978,,,,,1.04832441484209,,,,,0.911535039203118,,,,,0.877091500410801,,,,,0.977245070443986,,,,,1.08925457928913,,,,,1.18944829439008,,,,,1.2235230178543,,,,,1.25149058382899,,,,,1.27370736253495
BRA,BRAZIL,0.352454001957296,,,,,0.368701053031963,,,,,0.392307613050494,,,,,0.451240544738498,,,,,0.53359562469189,,,,,0.693393701387217,,,,,0.914103824729134,,,,,1.08162697281511,,,,,1.28235412315388,,,,,1.55834538179587,,,,,1.91975547723688
BRB,BARBADOS,10.0144081941255,,,,,9.58957187975202,,,,,9.17287323627381,,,,,8.70062508312276,,,,,8.24875836752321,,,,,7.85715970655071,,,,,7.50490385233777,,,,,6.45192804777276,,,,,5.62409897073122,,,,,4.86327743163872,,,,,4.22770707534502
BRN,BRUNEI DARUSSALAM,36.9781485836398,,,,,33.7650721150578,,,,,31.3826661161359,,,,,29.594614292058,,,,,28.4903611503567,,,,,27.5169139306226,,,,,26.40624919062,,,,,25.5188412286757,,,,,25.3648270492372,,,,,25.3989621132311,,,,,25.131696346725
BTN,BHUTAN,5.61358776688114,,,,,5.74062486066631,,,,,5.69451581465403,,,,,5.43306390626688,,,,,4.44377662215486,,,,,4.36659818772323,,,,,4.27261384147597,,,,,4.34551076500229,,,,,4.48045823258047,,,,,4.44918440193432,,,,,4.31665588543642
BWA,BOTSWANA,5.83129077188765,,,,,4.27272557648583,,,,,3.18661254717653,,,,,2.46543471767081,,,,,1.98784315765742,,,,,1.69112240927121,,,,,1.50731704383008,,,,,1.52004239152364,,,,,1.50091751589784,,,,,1.45241515411878,,,,,1.37340152964765
CAF,CENTRAL AFRICAN REPUBLIC,1.85042441000653,,,,,1.90923924555473,,,,,1.95277155695107,,,,,2.03776603133076,,,,,2.15299654218724,,,,,2.24625417796262,,,,,2.43416154776704,,,,,2.57794891292117,,,,,2.67188345883164,,,,,2.78409538885149,,,,,2.86850490954113
CAN,CANADA,21.1800675389353,,,,,19.5098539242387,,,,,18.0535364335694,,,,,17.1938849901206,,,,,16.1833723147782,,,,,15.0356873024439,,,,,15.4945634936771,,,,,15.157245034254,,,,,15.2473879197149,,,,,15.3498932818376,,,,,15.4464381585826
CHE,SWITZERLAND,22.5280191756863,,,,,22.316261077044,,,,,21.7504401990465,,,,,20.8957591780461,,,,,20.4960629252929,,,,,18.5955815475634,,,,,16.8653139661183,,,,,17.1835657914831,,,,,17.6672339540166,,,,,15.1481984375576,,,,,13.4057468457591
CHL,CHILE,1.86812129608251,,,,,1.41693938375476,,,,,1.14745300400494,,,,,0.940727361847765,,,,,0.813542980778618,,,,,0.742939943049187,,,,,0.73177439230105,,,,,0.824682882888413,,,,,0.942391957843277,,,,,1.12722671214507,,,,,1.37017445096931
CHN,CHINA,0.0512650397509167,,,,,0.0452744454330685,,,,,0.0402356957022758,,,,,0.0362922509347598,,,,,0.0331541554900743,,,,,0.0308206157710458,,,,,0.0317145230245558,,,,,0.0325704526977995,,,,,0.0342660222530444,,,,,0.0364212057020212,,,,,0.036830317657817
CIV,COTE D'IVOIRE,12.6825380832424,,,,,13.6327343794645,,,,,14.4833793018456,,,,,13.9631986934347,,,,,14.9922010966501,,,,,16.3613861069363,,,,,18.3979672735592,,,,,21.0614714984496,,,,,22.7363516456012,,,,,22.6580601312072,,,,,22.0742424434286
CMR,CAMEROON,0.95309702713924,,,,,1.16817238581181,,,,,1.43387189359828,,,,,1.76725420553032,,,,,2.19831075446886,,,,,2.38569176401186,,,,,2.5879295634262,,,,,2.78743587371689,,,,,2.97409513294039,,,,,3.13905022503741,,,,,3.27211325022144
COD,"CONGO, THE DRC",0.715008359467674,,,,,0.888622516734516,,,,,1.31297108852275,,,,,4.56756180609382,,,,,2.16035872895993,,,,,2.41446759778245,,,,,4.56936450539311,,,,,5.31982958024912,,,,,7.11938019486552,,,,,7.61361966150675,,,,,6.60357919199362
COG,CONGO,3.48280462045643,,,,,3.63654633380254,,,,,3.35422768315823,,,,,4.80171342478019,,,,,5.43775120285757,,,,,4.77922607669197,,,,,4.24022996951701,,,,,3.75814963997109,,,,,3.35340688642713,,,,,2.96431917989818,,,,,2.59624045833535
COL,COLOMBIA,0.237479771146814,,,,,0.254614981937997,,,,,0.274723153931788,,,,,0.298756804545975,,,,,0.31307888646994,,,,,0.323611188460103,,,,,0.337291180697713,,,,,0.353371895749206,,,,,0.372882720136599,,,,,0.403669633814668,,,,,0.36657223565956
COM,COMOROS,1.97999944369701,,,,,2.27405519590234,,,,,2.61190357213162,,,,,2.99166121121712,,,,,3.41069308849536,,,,,3.95628367137836,,,,,4.67318031364996,,,,,2.72096847770669,,,,,1.55775862068966,,,,,1.02748942714341,,,,,0.791179944874655
CPV,CAPE VERDE,2.47189812982336,,,,,2.33635780558277,,,,,2.34502493072288,,,,,2.40965061818327,,,,,2.53750426184794,,,,,2.56672890870966,,,,,2.67912504020345,,,,,2.45988483193721,,,,,2.65407042181929,,,,,2.87719472479817,,,,,3.11570952710757
CRI,COSTA RICA,10.4761027778105,,,,,10.2461731475673,,,,,7.91294150938979,,,,,6.56483804683864,,,,,13.5657327099665,,,,,4.32610641899403,,,,,2.92353136801783,,,,,1.42143858219676,,,,,1.39574755804547,,,,,2.02598987541991,,,,,2.45066879353305
CUB,CUBA,0.135253623368252,,,,,0.135812026803215,,,,,0.159968886060639,,,,,0.226975580801084,,,,,0.325964704121116,,,,,0.476576257153101,,,,,0.681336256880342,,,,,0.988698679411245,,,,,1.49109804712627,,,,,1.71797589411156,,,,,2.01111028646727
CYM,CAYMAN ISLANDS,64.2850708894053,,,,,69.8105834687288,,,,,57.3827515893007,,,,,56.949355897954,,,,,50.8257027470111,,,,,44.4369660885322,,,,,35.3996535511012,,,,,25.0776270632456,,,,,17.344706911636,,,,,14.5741249552025,,,,,12.164738782255
CYP,CYPRUS,13.9761797976778,,,,,11.2491356652134,,,,,8.48903886091932,,,,,6.45355504922322,,,,,5.71411054628749,,,,,5.86363655741922,,,,,5.67050769908638,,,,,5.6344314395426,,,,,5.61993680117467,,,,,5.59115687357889,,,,,5.16451427663812
CZE,CZECH REPUBLIC,4.32521736307821,,,,,4.43889346773195,,,,,4.42209862582024,,,,,4.39335610350594,,,,,4.1080365476653,,,,,,,,,,,,,,,,,,,,,,,,,,,,,,
DEU,GERMANY,13.1553740156301,,,,,12.8506963465804,,,,,12.1402979252004,,,,,11.008840061573,,,,,7.47318977348831,,,,,,,,,,,,,,,,,,,,,,,,,,,,,,
DJI,DJIBOUTI,13.6860998805807,,,,,14.20745958266,,,,,15.244567961521,,,,,15.8421925334225,,,,,20.7180925000509,,,,,15.8377472438105,,,,,22.3328239345075,,,,,12.9060309305935,,,,,13.4279469145158,,,,,13.8157494150292,,,,,14.0681046439332
DMA,DOMINICA,7.72970618404598,,,,,6.41603583680644,,,,,5.34307323583863,,,,,4.29189961747026,,,,,3.5514888337469,,,,,2.81368821292776,,,,,2.35948641004873,,,,,2.65359060076847,,,,,2.8997129832855,,,,,3.41185153294997,,,,,3.98227139429485
DNK,DENMARK,8.71920764037888,,,,,7.76522336658159,,,,,6.94855210561958,,,,,5.68275947462564,,,,,4.57482572736226,,,,,3.82879998028821,,,,,3.19672334344519,,,,,2.74086526470485,,,,,2.38279144214251,,,,,2.10030989625578,,,,,2.05233947134719
DOM,DOMINICAN REPUBLIC,4.33614657459865,,,,,4.20630175733317,,,,,4.10474107168519,,,,,4.03324606798274,,,,,4.01857690003226,,,,,4.03827830113482,,,,,4.09177242621721,,,,,4.17300608274389,,,,,4.31409329569928,,,,,4.30775298602079,,,,,4.36570819146636
DZA,ALGERIA,0.653819649988857,,,,,0.713897389595324,,,,,0.788506761261836,,,,,1.01950973791545,,,,,1.04404363036357,,,,,1.26344587360061,,,,,0.949900191032659,,,,,0.952189667327967,,,,,1.15002836798811,,,,,1.63102051478167,,,,,3.81677846046869
ECU,ECUADOR,2.62408579866826,,,,,0.897334866018186,,,,,0.808675468382211,,,,,0.780757878364764,,,,,0.777026496422762,,,,,0.861064249927667,,,,,0.889494972584631,,,,,0.856077638873935,,,,,0.743381815453684,,,,,0.62974316868607,,,,,0.532960557020312
EGY,EGYPT,0.313431687872687,,,,,0.343762861763235,,,,,0.255757062769641,,,,,0.284952701964709,,,,,0.311651672924468,,,,,0.363321809273489,,,,,0.420388858525703,,,,,0.485816832403191,,,,,0.559992568432988,,,,,0.648657561076869,,,,,0.758546804394425
ERI,ERITREA,0.287119726173757,,,,,0.301025985225582,,,,,0.328785372604807,,,,,0.351486525665148,,,,,0.362040394638698,,,,,0.389845100134398,,,,,0.427515906051692,,,,,0.466039413757911,,,,,0.495071544961579,,,,,0.521643866046197,,,,,0.548330379197187
ESP,SPAIN,13.6924621663826,,,,,10.5557914427949,,,,,4.35352456693971,,,,,2.64348782747371,,,,,2.13563889310377,,,,,1.86596323358942,,,,,1.62759002736048,,,,,1.31025190169916,,,,,1.05199448130746,,,,,0.85184487892894,,,,,0.692487276309309
EST,ESTONIA,13.7038998103607,,,,,14.8846856489085,,,,,17.8607501154272,,,,,21.4896765634114,,,,,24.3438267521639,,,,,,,,,,,,,,,,,,,,,,,,,,,,,,
ETH,ETHIOPIA,0.62917760148222,,,,,0.727374393505659,,,,,1.0033351559479,,,,,1.39357762189317,,,,,2.40492036728535,,,,,1.43133456305681,,,,,1.14693000458639,,,,,1.20381672554924,,,,,1.38863985179095,,,,,1.53337285058007,,,,,1.77534255678401
FIN,FINLAND,4.2071823740079,,,,,3.26709614158795,,,,,2.58161909613773,,,,,2.02273390252927,,,,,1.26854257082872,,,,,0.995918980148937,,,,,0.811564304895769,,,,,0.75034384392033,,,,,0.705358978461488,,,,,0.705475255777508,,,,,0.724303633212134
FJI,FIJI,2.15360015989607,,,,,2.08830810082628,,,,,1.96119741710374,,,,,1.90204322661416,,,,,1.87701056788117,,,,,1.84118044636296,,,,,2.2077713551702,,,,,2.6138066431723,,,,,3.14948830900872,,,,,3.87014857162567,,,,,5.10393179166359
FRA,FRANCE,10.2807120578701,,,,,10.2548020976112,,,,,10.3080102517348,,,,,10.2199048311667,,,,,10.0964690460931,,,,,10.4756769879989,,,,,10.6666694432036,,,,,10.311576636504,,,,,10.0399968837551,,,,,8.90417071049345,,,,,7.51854101743156
FRO,FAROE ISLANDS,6.57913313567697,,,,,6.15782085969445,,,,,4.8245897055344,,,,,3.96154107802898,,,,,5.99820948970457,,,,,6.60776614310646,,,,,6.11020692862125,,,,,5.62560142120457,,,,,5.12607873117889,,,,,4.71908258394522,,,,,4.34541528045293
FSM,"MICRONESIA, FEDERATED STATES OF",2.57481735975062,,,,,2.71003220399631,,,,,2.89025411896118,,,,,3.11372680278181,,,,,3.83780922029253,,,,,4.7824108111893,,,,,6.22473172804144,,,,,7.97200139359579,,,,,8.6142626926896,,,,,10.6493357326084,,,,,13.1300657850423
GAB,GABON,18.2574851145916,,,,,17.7278872606409,,,,,17.1751417961416,,,,,15.171725080682,,,,,13.4854331295031,,,,,13.3200568990043,,,,,13.0529944084553,,,,,9.54789917522147,,,,,6.85563466940501,,,,,5.4577825572804,,,,,4.18284642047379
GBR,UNITED KINGDOM,10.2789304430805,,,,,9.66495602753362,,,,,8.13291482173778,,,,,7.22283188808913,,,,,6.49157678019821,,,,,6.25271484124531,,,,,5.96102412222164,,,,,5.59881228902034,,,,,5.29235357259952,,,,,4.6771558501179,,,,,3.17154198473282
GEO,GEORGIA,3.75649029823931,,,,,4.38437199064521,,,,,4.94760428218998,,,,,5.27883396704689,,,,,7.04498125780925,,,,,,,,,,,,,,,,,,,,,,,,,,,,,,
GHA,GHANA,7.63228601559228,,,,,7.80613704598487,,,,,7.99315953426698,,,,,6.19505748071437,,,,,4.89809308323033,,,,,3.88812922533636,,,,,3.89403486990091,,,,,3.91373317726572,,,,,4.09407415239476,,,,,5.54311046600978,,,,,7.96270163048086
GIB,GIBRALTAR,31.6543564491862,,,,,31.6801375752365,,,,,29.7242942811174,,,,,31.0119854854671,,,,,32.9742825195677,,,,,35.3427540589296,,,,,36.6911349520045,,,,,37.0911949685535,,,,,36.7932181390444,,,,,33.0394012388162,,,,,31.4387954270843
GIN,GUINEA,3.62776574877991,,,,,4.18967347724301,,,,,8.11620868114439,,,,,10.3832466120118,,,,,4.00525704417841,,,,,0.606963532454738,,,,,0.560118287728627,,,,,0.473880157857377,,,,,0.40097871306217,,,,,0.356574684436049,,,,,0.316298560342485
GMB,GAMBIA,17.2615194211729,,,,,16.1316460489687,,,,,15.0640063212905,,,,,13.8750696695085,,,,,12.8841167917924,,,,,12.8888172524765,,,,,12.4714786116475,,,,,11.5550693764753,,,,,10.8184303897085,,,,,9.74717174110985,,,,,8.5752957771744
GNB,GUINEA-BISSAU,1.21288975838006,,,,,1.35200824472482,,,,,1.51047033248725,,,,,2.7858137508588,,,,,1.36290588125439,,,,,1.38564222440945,,,,,1.57268905509117,,,,,1.61304003619091,,,,,1.79232933996714,,,,,1.81052159037139,,,,,1.83078703558108
GNQ,EQUATORIAL GUINEA,1.06971459434302,,,,,0.960824851569126,,,,,0.871706495245851,,,,,0.796235647727967,,,,,0.732912309984459,,,,,1.21334390546468,,,,,2.38316507169442,,,,,3.05662008839937,,,,,3.46711125625204,,,,,5.18507796174845,,,,,7.67546556135097
GRC,GREECE,10.1564412243956,,,,,8.78944060951348,,,,,6.70214981806244,,,,,5.16360842681547,,,,,4.05727061263365,,,,,3.11306282274544,,,,,1.78122801077106,,,,,1.36485315216059,,,,,1.01869642068755,,,,,0.803559346752928,,,,,0.630061601889165
GRD,GRENADA,12.0341622323911,,,,,10.532194927684,,,,,7.81637472938398,,,,,5.80431508284041,,,,,4.4274349334275,,,,,3.12590709359705,,,,,2.76167363264572,,,,,3.00476999123879,,,,,3.32521444456211,,,,,3.75241861301134,,,,,4.46356038770991
GRL,GREENLAND,10.2328442140409,,,,,11.7414595591464,,,,,12.9110320284698,,,,,14.1129032258065,,,,,15.3723021582734,,,,,17.437969924812,,,,,17.5697211155378,,,,,17.2802419354839,,,,,15.5711206896552,,,,,10.890306122449,,,,,7.97230769230769
GTM,GUATEMALA,0.414577867871704,,,,,0.421463375544871,,,,,0.429473527877936,,,,,0.456066044990009,,,,,2.97240968247632,,,,,1.03011739833235,,,,,0.600205596234078,,,,,0.616720302708106,,,,,0.752859877805221,,,,,1.00670170214662,,,,,1.04595042887131
GUM,GUAM,49.4775464124436,,,,,48.2938870335415,,,,,47.7576483312732,,,,,49.418117365796,,,,,53.4594810012109,,,,,51.3278891023881,,,,,48.973888659477,,,,,47.0220879662361,,,,,45.071530758226,,,,,45.6920630253785,,,,,46.4497085749389
GUY,GUYANA,1.47546322090861,,,,,1.31224419518581,,,,,1.0709617970344,,,,,0.744778447982245,,,,,0.564794088074776,,,,,0.679109242803171,,,,,0.818995864476328,,,,,1.19899529562265,,,,,1.76397305276242,,,,,2.10041199548507,,,,,2.50492596770279
HKG,HONG KONG,39.033626605165,,,,,39.9392209240885,,,,,40.0468417104276,,,,,39.4961420379786,,,,,38.8898764133579,,,,,40.0339613650526,,,,,41.487408899686,,,,,42.2380311995697,,,,,43.3309926749179,,,,,47.1616220573112,,,,,52.9160279034531
HND,HONDURAS,0.319424594854041,,,,,0.38163020514363,,,,,0.456430463914955,,,,,0.551758917083264,,,,,5.51467934173707,,,,,1.95572030608484,,,,,0.901216822860714,,,,,0.464454015545083,,,,,0.766355702745393,,,,,1.60700524560313,,,,,2.99770317924142
HRV,CROATIA (LOCAL NAME: HRVATSKA),15.8438591682114,,,,,14.8889013957677,,,,,13.9154089471306,,,,,15.4417219961448,,,,,9.94640167364017,,,,,,,,,,,,,,,,,,,,,,,,,,,,,,
HTI,HAITI,0.353320399337133,,,,,0.324526429942557,,,,,0.301134242782372,,,,,0.283265084602528,,,,,0.268406310108021,,,,,0.256721106628704,,,,,0.247683523072358,,,,,0.235583900276351,,,,,0.236148600909713,,,,,0.297487681675549,,,,,0.375598818180502
HUN,HUNGARY,3.68075153427147,,,,,3.30174337133745,,,,,2.90821509531268,,,,,2.83925833808131,,,,,3.34982072468177,,,,,3.18369928835532,,,,,3.44538135220568,,,,,3.81112895230551,,,,,4.2298588399396,,,,,4.69055034349353,,,,,5.18969063098866
IDN,INDONESIA,0.0510677227149964,,,,,0.0604162756812884,,,,,0.139900843069291,,,,,0.112893263844303,,,,,0.26065249816133,,,,,0.36507578585844,,,,,0.520192343829028,,,,,0.718473257407482,,,,,1.02590684358731,,,,,1.47027189625895,,,,,2.09652661706747
IMN,ISLE OF MAN,52.322840270502,,,,,51.7169705644408,,,,,50.7798869879957,,,,,49.5158005569333,,,,,49.4495960860166,,,,,50.0605157806536,,,,,45.978988757142,,,,,45.5801512938744,,,,,45.4489349696713,,,,,47.1595054522509,,,,,45.8124316178444
IND,INDIA,0.45088759665106,,,,,0.522282189384453,,,,,0.615130695412121,,,,,0.734686441138888,,,,,0.862387409601691,,,,,1.04012246827384,,,,,1.26550810460158,,,,,1.44821109471236,,,,,1.65373267951366,,,,,1.87780162861051,,,,,2.09311152585875
IRL,IRELAND,19.7061284101089,,,,,14.8469175083908,,,,,10.1144389192189,,,,,7.30672257381248,,,,,6.4872705375737,,,,,6.36743297639795,,,,,6.54119784341303,,,,,5.37470803091345,,,,,4.40987403838025,,,,,3.2807493135926,,,,,2.58145372268967
IRN,IRAN (ISLAMIC REPUBLIC OF),2.85874140306733,,,,,2.9396263995818,,,,,4.25392239225676,,,,,4.98697070494,,,,,7.61436970116037,,,,,6.00699869182151,,,,,1.4282896780418,,,,,0.478032542322484,,,,,0.301206883002878,,,,,0.214841361627713,,,,,0.220297780445441
IRQ,IRAQ,0.269294543894881,,,,,0.46796504151562,,,,,0.617238927386552,,,,,0.656740626125502,,,,,0.477453402225121,,,,,0.716853885841115,,,,,0.504095768967605,,,,,0.609512447382598,,,,,0.754891468849207,,,,,0.939720200754771,,,,,1.2037709339911
ISL,ICELAND,11.7038369266856,,,,,7.60849784655618,,,,,5.65139311178678,,,,,4.02552828749607,,,,,3.76099770039164,,,,,2.94028706944761,,,,,2.52697928446817,,,,,2.42179292500654,,,,,2.40366272415109,,,,,2.3480648617164,,,,,1.88923189082666
ISR,ISRAEL,38.5709376147752,,,,,38.4014804981169,,,,,35.8759262203848,,,,,34.6134174932372,,,,,35.0365665236052,,,,,35.9716749350343,,,,,36.9000773594636,,,,,41.8593921852388,,,,,47.368661735037,,,,,50.3777604369879,,,,,56.0814467223584
ITA,ITALY,7.52970224731621,,,,,5.29184631003443,,,,,3.72604400244543,,,,,3.0318112969034,,,,,2.51805031238077,,,,,2.21372330192154,,,,,1.96486922581599,,,,,1.815216143013,,,,,1.6026130651399,,,,,1.20814931585315,,,,,0.915449693922474
JAM,JAMAICA,1.11348791299617,,,,,1.02806739746278,,,,,0.952039264861324,,,,,0.901653225806452,,,,,0.868619246861925,,,,,0.948293020639522,,,,,1.0868260665729,,,,,1.22195727769498,,,,,1.39646869983949,,,,,1.36329545454545,,,,,1.34462613021584
JOR,JORDAN,49.1727257691035,,,,,43.3419885418592,,,,,40.1885553470919,,,,,38.3232657926103,,,,,36.162429022082,,,,,35.6580181543116,,,,,37.1538743695553,,,,,37.3280662983425,,,,,35.2531167108753,,,,,40.2057624113475,,,,,45.7095971563981
JPN,JAPAN,1.69924182087921,,,,,1.56440249504981,,,,,1.32964925143682,,,,,1.08619488356891,,,,,0.870691371815731,,,,,0.704552230153867,,,,,0.687111027384357,,,,,0.688174021797392,,,,,0.694943696391777,,,,,0.720906525894239,,,,,0.748807261429691
KAZ,KAZAKHSTAN,18.8676023480814,,,,,19.6314009829915,,,,,19.2916699196822,,,,,20.8363551338404,,,,,22.1384878884267,,,,,,,,,,,,,,,,,,,,,,,,,,,,,,
KEN,KENYA,1.99893207380229,,,,,2.2077830043818,,,,,2.41441519192074,,,,,1.92508395100065,,,,,0.695120482901476,,,,,0.771433678239766,,,,,0.982867739707864,,,,,1.19019080261134,,,,,1.41341462395887,,,,,1.06874471182789,,,,,0.731977536074538
KGZ,KYRGYZSTAN,4.0883826795646,,,,,5.57961104869639,,,,,7.6051772007186,,,,,10.5645776686256,,,,,14.1893559846967,,,,,,,,,,,,,,,,,,,,,,,,,,,,,,
KHM,CAMBODIA,2.33783928373899,,,,,2.27509249481747,,,,,1.9361654066381,,,,,1.08124114720521,,,,,0.423689562685023,,,,,0.162615633962456,,,,,0.0622157060922879,,,,,0.192577271779191,,,,,4.87529906107746,,,,,5.77919656290743,,,,,6.6655547822481
KIR,KIRIBATI,2.02367432961951,,,,,2.20298890215325,,,,,2.42668019519737,,,,,2.65128701982246,,,,,3.04335585585586,,,,,3.30678252474053,,,,,3.00678774536782,,,,,1.59284356664738,,,,,1.33834929320565,,,,,1.58918719146802,,,,,1.85016681831968
KNA,SAINT KITTS AND NEVIS,9.63860024449878,,,,,9.19636134231466,,,,,8.88591252415247,,,,,8.45224771497855,,,,,7.95190164817672,,,,,6.92100816336245,,,,,6.02708019905104,,,,,6.01653191201048,,,,,6.0937569627022,,,,,6.30550080266607,,,,,6.90860792624568
KOR,"KOREA, REPUBLIC OF",1.08239837770074,,,,,1.14502496641069,,,,,1.20845315396741,,,,,1.2960949962268,,,,,1.33441233435138,,,,,1.37216221324135,,,,,1.38708719165403,,,,,0.865274168827313,,,,,0.557904423481445,,,,,0.543977611451013,,,,,0.541935763474511
KWT,KUWAIT,70.1143542877008,,,,,81.420267437293,,,,,78.7124960196325,,,,,68.6923397491872,,,,,76.9637834053639,,,,,71.7046117145861,,,,,70.459003101727,,,,,63.2536752800984,,,,,61.747307851705,,,,,49.8879205054671,,,,,34.5920135575624
LAO,LAOS ,0.295760613398381,,,,,0.350150915804558,,,,,0.403356840521124,,,,,0.48127136931096,,,,,0.538718158943768,,,,,0.622700324007557,,,,,0.830225498965832,,,,,0.697412055410893,,,,,0.770452864507105,,,,,0.847558370715319,,,,,0.926815713880676
LBN,LEBANON,17.4648913222756,,,,,18.0891753294882,,,,,21.4167423919292,,,,,21.6203172275653,,,,,19.3743736170556,,,,,12.9931222266516,,,,,9.26448224269507,,,,,8.09751006816418,,,,,8.30685778681407,,,,,8.33358026414268,,,,,8.39053324594291
LBR,LIBERIA,2.43330579410256,,,,,2.96022430825748,,,,,5.51824916458273,,,,,9.55973808620616,,,,,3.84382919210206,,,,,3.77570830083342,,,,,4.26445248659334,,,,,3.90487616783409,,,,,3.49397912839643,,,,,3.00199207002892,,,,,2.57168972270274
LBY,LIBYA,11.2982260737819,,,,,11.038368382951,,,,,10.7950160204861,,,,,10.6494644999946,,,,,10.7394905548626,,,,,11.0716125487922,,,,,10.0887678246279,,,,,8.82304850508416,,,,,5.88571970914185,,,,,3.29041730226678,,,,,3.37502231463105
LCA,SAINT LUCIA,5.73854123801417,,,,,5.24705725876172,,,,,4.71490739029876,,,,,4.29066920565832,,,,,3.86162975828629,,,,,3.43548285027212,,,,,2.9953213995118,,,,,2.93067322583584,,,,,2.81964632015514,,,,,2.7839215808438,,,,,2.72299529482431
LIE,LIECHTENSTEIN,34.7120708748616,,,,,34.1997697179044,,,,,33.8893421569516,,,,,38.6938749026732,,,,,37.9405113932858,,,,,36.2742580432151,,,,,35.9580965634543,,,,,34.4612758694261,,,,,32.9728204645914,,,,,28.5729607979836,,,,,24.6606883179835
LKA,SRI LANKA,1.64583837699124,,,,,1.86514966401955,,,,,2.06746413988064,,,,,2.34718791354213,,,,,2.69668527769615,,,,,3.12194167403106,,,,,4.48848579372076,,,,,6.56398192056906,,,,,8.67366949017101,,,,,9.19823539949839,,,,,10.1588217461601
LSO,LESOTHO,0.314994964958801,,,,,0.324377260048062,,,,,0.332233430753276,,,,,0.348723703176602,,,,,0.515794968995965,,,,,1.1941225842317,,,,,0.81497441875229,,,,,0.433125342662455,,,,,0.407366503913818,,,,,0.389284340440032,,,,,0.371735423038435
LTU,LITHUANIA,4.16026051228141,,,,,4.97615069007695,,,,,6.06194649805003,,,,,7.50042296964924,,,,,9.44492430441788,,,,,,,,,,,,,,,,,,,,,,,,,,,,,,
LUX,LUXEMBURG,34.171215083055,,,,,33.5765481836279,,,,,32.274352509741,,,,,31.0688283878862,,,,,29.8009689668718,,,,,26.7751277590222,,,,,23.1363449128107,,,,,19.5174815433904,,,,,17.2915726875234,,,,,15.7315233785822,,,,,14.76956397108
LVA,LATVIA,15.9720245714653,,,,,16.9568594590224,,,,,18.1697535426918,,,,,21.2132040485204,,,,,24.2572426422685,,,,,,,,,,,,,,,,,,,,,,,,,,,,,,
MAC,MACAU,56.0563833408775,,,,,59.390920412091,,,,,55.6399873120834,,,,,56.3302623356481,,,,,55.7293563317442,,,,,52.1629048483907,,,,,48.3662015302393,,,,,43.4147284791691,,,,,38.8474762646565,,,,,42.6402783819052,,,,,46.5606336319522
MAR,MOROCCO,0.155165417497304,,,,,0.169358494123489,,,,,0.185035779888508,,,,,0.206144703482375,,,,,0.233422738358306,,,,,0.269203858720314,,,,,0.349164286165614,,,,,0.51160493168178,,,,,0.792554239853555,,,,,1.58266919259063,,,,,3.19859603745263
MCO,MONACO,63.9761161623015,,,,,66.9723142451491,,,,,67.7940213833733,,,,,68.0488599348534,,,,,68.143216251104,,,,,64.9153835483423,,,,,65.3032229118373,,,,,64.6641006309274,,,,,66.1301311531255,,,,,65.5413821242967,,,,,68.4955909860159
MDA,"MOLDOVA, REPUBLIC OF",11.4630500176163,,,,,12.2419501405629,,,,,13.0344280347907,,,,,12.8676805713261,,,,,15.6520562770563,,,,,,,,,,,,,,,,,,,,,,,,,,,,,,
MDG,MADAGASCAR,0.179140599516156,,,,,0.217048358827043,,,,,0.265071457510668,,,,,0.326146925863589,,,,,0.399496543412997,,,,,0.485817563632433,,,,,0.582826350514879,,,,,0.707401253762495,,,,,1.10402489180468,,,,,1.70492747805206,,,,,2.47673683675889
MDV,MALDIVES,1.00708026552531,,,,,1.05888915772777,,,,,1.10946121835414,,,,,1.17159594227747,,,,,1.22857976734813,,,,,1.31961773583672,,,,,1.44184660048213,,,,,1.53270135817478,,,,,1.67849321068769,,,,,1.77745336897446,,,,,1.91434352517986
MEX,MEXICO,0.61557904506104,,,,,0.546067035867358,,,,,0.501306361682424,,,,,0.479949990275456,,,,,0.814489314707097,,,,,0.615345539001716,,,,,0.418259271994506,,,,,0.373281620844654,,,,,0.368703274683855,,,,,0.454105263905482,,,,,0.57720389397578
MHL,MARSHALL ISLANDS,3.25970855268177,,,,,3.20219754888778,,,,,3.11727152470236,,,,,3.10858486867895,,,,,3.27061310782241,,,,,3.64950174779569,,,,,4.13655537752199,,,,,4.47224394057858,,,,,5.07427562876894,,,,,5.41572643638257,,,,,5.76883736788271
MKD,MACEDONIA,6.16972756367566,,,,,5.7552855346586,,,,,6.12364037543449,,,,,5.82217809439999,,,,,4.73411586746346,,,,,,,,,,,,,,,,,,,,,,,,,,,,,,
MLI,MALI,1.16314495657467,,,,,1.38551566342508,,,,,1.59829218181395,,,,,1.93508559990913,,,,,2.07525904481455,,,,,2.16090015652512,,,,,2.39792245184178,,,,,2.63292637503889,,,,,2.87814097735351,,,,,3.08974500435124,,,,,3.28689755639503
MLT,MALTA,3.72875794918313,,,,,2.88583923097114,,,,,2.33950330787203,,,,,1.91505616400267,,,,,1.63029053844199,,,,,1.46202132845101,,,,,1.99371535947196,,,,,2.66384416643109,,,,,3.43664298694862,,,,,1.98243412797992,,,,,0.524268871535753
MMR,MYANMAR (Burma) ,0.170793178386239,,,,,0.185813281595312,,,,,0.202307390667245,,,,,0.250737582214568,,,,,0.31701918308151,,,,,0.345177895695118,,,,,0.545474507360531,,,,,0.867651731108053,,,,,1.00339964834778,,,,,1.16337074648138,,,,,1.33367469617094
MNE,MONTENEGRO,6.85542786552659,,,,,8.86346659738235,,,,,,,,,,,,,,,,,,,,,,,,,,,,,,,,,,,,,,,,,,,,,
MNG,MONGOLIA,0.369442238800798,,,,,0.358954792040537,,,,,0.342277055883424,,,,,0.323098191825028,,,,,0.307578340221568,,,,,0.316252671211173,,,,,0.325457602622127,,,,,0.336228616535825,,,,,0.351965092819943,,,,,0.367801473915631,,,,,0.385554071760781
MNP,NORTHERN MARIANA ISLANDS,101.741552172299,,,,,78.9768843596595,,,,,65.5609784609989,,,,,62.9663757432456,,,,,61.3754207222778,,,,,52.3054612570449,,,,,28.3200375410605,,,,,27.2780987394958,,,,,27.0847534651216,,,,,27.5790983239222,,,,,26.2959285004965
MOZ,MOZAMBIQUE,1.87764436200793,,,,,1.93273552077316,,,,,2.00529470467155,,,,,1.53765233718262,,,,,0.898528658584537,,,,,0.456516116456816,,,,,0.863176405495826,,,,,0.348494292983411,,,,,0.0824150105121187,,,,,0.0946677465382606,,,,,0.117021938769372
MRT,MAURITANIA,2.74916745626721,,,,,2.0994773317602,,,,,2.31132955084663,,,,,5.03686619362334,,,,,4.63786760255968,,,,,2.46726414309555,,,,,2.19771194433888,,,,,1.96233532429373,,,,,1.75492803776712,,,,,1.57102352303436,,,,,1.40484390364388
MUS,MAURITIUS,3.4322616762636,,,,,3.3237424832323,,,,,3.27187491837796,,,,,1.64095372918517,,,,,0.825104483955515,,,,,0.901298151545083,,,,,1.00265103168713,,,,,1.14338565022422,,,,,1.27324455205811,,,,,1.39535192563081,,,,,1.55273898121031
MWI,MALAWI,1.83732930749754,,,,,2.15714877491596,,,,,2.47401933454731,,,,,3.26572538416801,,,,,12.2458234110004,,,,,3.92017695872225,,,,,4.60686400642378,,,,,5.46999244461586,,,,,6.45664914325275,,,,,7.42528862897462,,,,,8.4453694859788
MYS,MALAYSIA,8.33787225028014,,,,,7.85191893378388,,,,,6.6341894843594,,,,,5.75494560435918,,,,,5.5688902211657,,,,,5.76234082746249,,,,,5.70438693400244,,,,,5.83100805391129,,,,,6.74991020873924,,,,,2.13880480478974,,,,,0.697159346769228
MYT,MAYOTTE,35.1642156862745,,,,,32.6286201704822,,,,,27.0011361115406,,,,,22.0780818210891,,,,,16.0821529438499,,,,,13.0330550541516,,,,,10.4460520575832,,,,,8.72581072722453,,,,,7.38675010202694,,,,,6.44229190609095,,,,,5.33361047599252
NAM,NAMIBIA,6.37320344915733,,,,,6.49374995683331,,,,,6.57376657904595,,,,,7.14913548065728,,,,,7.91947702739841,,,,,7.70313618800946,,,,,6.90508422026519,,,,,6.09906508827391,,,,,5.59056671954648,,,,,5.048692189471,,,,,4.51717299122887
NCL,NEW CALEDONIA,23.9068,,,,,23.5029920743467,,,,,23.2851850114899,,,,,23.0615635448054,,,,,22.0440143008444,,,,,22.4331498866947,,,,,24.1420921099607,,,,,24.2324528301887,,,,,20.8857142857143,,,,,19.4806629834254,,,,,13.8974683544304
NER,NIGER,1.27196571531972,,,,,1.38776398121391,,,,,1.50558494387758,,,,,1.86402908320405,,,,,1.7500596795912,,,,,1.73678378454963,,,,,1.71801061593542,,,,,1.70140198868651,,,,,1.6827575704148,,,,,1.66592247417026,,,,,1.64835708170557
NGA,NIGERIA,0.706082070641768,,,,,0.69643571641492,,,,,0.611284185653806,,,,,0.536461081925452,,,,,0.467918217771147,,,,,0.414663267572627,,,,,1.78409622207487,,,,,1.10811034414667,,,,,0.281186196534249,,,,,0.242624342213562,,,,,0.208205351837251
NIC,NICARAGUA,0.689257290488885,,,,,0.640799205311464,,,,,0.598813547360084,,,,,0.571568624505254,,,,,0.985840743895047,,,,,1.13769062147209,,,,,0.785517171362911,,,,,0.810386383650316,,,,,0.870783859661113,,,,,0.730949929517793,,,,,0.697857626675473
NLD,NETHERLANDS,10.5496685784279,,,,,10.6338360089677,,,,,9.95522090873933,,,,,8.97023392060266,,,,,7.96999099087651,,,,,5.25421153393903,,,,,3.46984409673635,,,,,2.5153195790971,,,,,2.00484318549505,,,,,2.77910083765958,,,,,3.88817225868925
NOR,NORWAY,9.92879892466169,,,,,8.01545911775832,,,,,6.64972599442392,,,,,5.43101644711487,,,,,4.6025048373525,,,,,3.55591646124904,,,,,3.0166290550761,,,,,2.46042672484031,,,,,2.02558825191324,,,,,1.85906196013717,,,,,1.71982378165769
NPL,NEPAL,3.523297460599,,,,,3.23699241872686,,,,,3.09586577086605,,,,,3.03529039973805,,,,,2.3778159370997,,,,,1.94451490416703,,,,,1.74614094370305,,,,,2.32594691825416,,,,,2.9888000775123,,,,,3.29904484249802,,,,,3.53733046773064
NZL,NEW ZEALAND,22.1130392810352,,,,,20.7445511502455,,,,,17.7593125437437,,,,,16.1765122230087,,,,,15.7123550964022,,,,,14.783745495981,,,,,15.1111182498635,,,,,15.9857610846226,,,,,14.5674031380083,,,,,14.6912570385025,,,,,14.0761868622987
OMN,OMAN,29.4735061910226,,,,,26.4146372890091,,,,,28.4423281726403,,,,,27.0334632878493,,,,,23.4004363287614,,,,,18.8366248091318,,,,,12.6512615051435,,,,,8.54016352925705,,,,,8.67638322856945,,,,,8.37782616834692,,,,,7.91246554064708
PAK,PAKISTAN,2.44505282625851,,,,,2.24977980984724,,,,,2.94975289715404,,,,,3.21778562730539,,,,,5.90127835787491,,,,,6.63429020313385,,,,,6.26688511121127,,,,,6.7116588461884,,,,,8.62363643992086,,,,,11.0122100610532,,,,,13.9442537793864
PAN,PANAMA,3.28979850619663,,,,,3.03758635431704,,,,,2.8280300064292,,,,,2.64772920169866,,,,,2.48036011285295,,,,,2.43257694360753,,,,,2.40665868701578,,,,,3.01025371413452,,,,,3.83834649792912,,,,,4.77737157393419,,,,,6.0136080768249
PER,PERU,0.128576080987382,,,,,0.14989928500887,,,,,0.176534072202855,,,,,0.211769277255467,,,,,0.257178532002176,,,,,0.316744514780898,,,,,0.38637988123871,,,,,0.442467196613517,,,,,0.50857369271005,,,,,0.583290453305765,,,,,0.669827110014803
PHL,PHILIPPINES,0.465970527347825,,,,,0.436705544622102,,,,,0.415530355439834,,,,,0.302106674201974,,,,,0.257358154219505,,,,,0.267847452492917,,,,,0.283635965004074,,,,,0.392395976442923,,,,,0.607274502542378,,,,,0.710232051513635,,,,,0.836168732086972
PLW,PALAU,28.2169027845628,,,,,30.295875822575,,,,,32.8465630541358,,,,,27.0182555780933,,,,,19.0138511498443,,,,,9.56343991823624,,,,,4.76346642617037,,,,,4.07166123778502,,,,,3.74531835205993,,,,,3.43164533481729,,,,,3.29943971778377
PNG,PAPUA NEW GUINEA,0.357868447698589,,,,,0.41819506988154,,,,,0.474324744861064,,,,,0.66258419072891,,,,,0.794943989794856,,,,,1.09773253641934,,,,,1.06012067238421,,,,,1.55497470897166,,,,,2.04353294008347,,,,,1.46656659426533,,,,,1.02640779640836
POL,POLAND,2.16703297060161,,,,,2.16265525005669,,,,,2.15200340817231,,,,,2.49669659265172,,,,,2.95919144351328,,,,,3.54797075470773,,,,,4.34244809784633,,,,,5.31520923925802,,,,,6.39238250934507,,,,,7.15430617634946,,,,,8.18181388749707
PRI,PUERTO RICO,8.70582885987561,,,,,9.221999904746,,,,,9.31710318965099,,,,,9.19208612954892,,,,,9.10118744698897,,,,,8.76129700917975,,,,,8.46690580162196,,,,,7.58273213092852,,,,,6.95213392200147,,,,,4.28064764841943,,,,,2.71683630195081
PRK,"KOREA, D.P.R.O.",0.151511069969127,,,,,0.154388300033431,,,,,0.158417878983241,,,,,0.162155495959828,,,,,0.168873875236755,,,,,0.174985698770685,,,,,0.181831034138967,,,,,0.186454545767356,,,,,0.198245670159259,,,,,0.211962103126943,,,,,0.219464348378995
PRT,PORTUGAL,8.68833170971617,,,,,7.27144629369924,,,,,6.17085805904004,,,,,5.26538732214555,,,,,4.36514558732465,,,,,3.45416368329464,,,,,2.71896904379053,,,,,1.80657108892425,,,,,1.17082895999058,,,,,0.698731301942137,,,,,0.439153840561156
PRY,PARAGUAY,2.49710475111851,,,,,2.84917270336051,,,,,3.27891036180906,,,,,3.81000259484189,,,,,4.3140215170456,,,,,4.70637060174235,,,,,4.55610894922172,,,,,3.59788423916453,,,,,2.94039286266227,,,,,2.59177788093038,,,,,2.62238724809797
PSE,STATE OF PALESTINE,50.4790477924758,,,,,50.0113841842961,,,,,48.1710232147324,,,,,48.5306704015815,,,,,46.0324994641723,,,,,,,,,,,,,,,,,,,,,,,,,,,,,,
PYF,FRENCH POLYNESIA,12.9830451569582,,,,,12.746582759216,,,,,12.7826457113716,,,,,13.0989776951673,,,,,13.0211221454857,,,,,13.5461851057029,,,,,11.8752554349976,,,,,9.37995238058782,,,,,7.41565305531422,,,,,5.86472602739726,,,,,4.69372334567063
QAT,QATAR,74.6081214462029,,,,,86.8115675526908,,,,,79.2886222340503,,,,,80.996061091002,,,,,77.6081440955937,,,,,75.9803895144815,,,,,73.9327469698595,,,,,72.5154240237536,,,,,62.5002286404126,,,,,46.3482611414743,,,,,30.4336799391326
ROU,ROMANIA,0.655691439926693,,,,,0.626163097625504,,,,,0.59813382105248,,,,,0.595068741467105,,,,,0.615339260881736,,,,,0.745009091677339,,,,,0.905040419413997,,,,,1.1225682403943,,,,,1.40163664931425,,,,,1.72990402896744,,,,,1.79757542074564
RUS,RUSSIA,8.61772162047682,,,,,8.44056885186228,,,,,8.11192558204005,,,,,7.90257322415807,,,,,7.77179348852265,,,,,,,,,,,,,,,,,,,,,,,,,,,,,,
RWA,RWANDA,4.29539089828926,,,,,4.6211462653682,,,,,4.66172843153008,,,,,5.95507851742935,,,,,1.00991088189994,,,,,1.32695760233775,,,,,1.03279926454826,,,,,1.07203992690345,,,,,0.952418747832627,,,,,1.03438452404114,,,,,0.972617664544914
SAU,SAUDI ARABIA,26.7400268401795,,,,,25.6648392246161,,,,,25.4976821561567,,,,,24.8322767560227,,,,,29.2667787974364,,,,,25.6220794880978,,,,,19.5105790609112,,,,,12.5893464532703,,,,,6.15195640437039,,,,,3.23116506742765,,,,,1.55666227091115
SDN,SUDAN,1.6525522344681,,,,,1.61434048243313,,,,,2.48341451834817,,,,,3.70826139698094,,,,,4.93982078933707,,,,,6.24455095089081,,,,,3.75791892311432,,,,,1.98708033441343,,,,,2.01711040929462,,,,,1.96933631160919,,,,,2.30853459110017
SEN,SENEGAL,1.62202202158918,,,,,1.95378759285256,,,,,2.34255241931927,,,,,3.33695764967983,,,,,3.5742622878824,,,,,2.6410201726,,,,,2.13916265091828,,,,,3.15874976255103,,,,,4.17057051874133,,,,,4.79041259848043,,,,,5.28741050628167
SGP,SINGAPORE,38.7429826462072,,,,,35.0221763795771,,,,,33.5610615953723,,,,,28.1330401475387,,,,,23.8686291884087,,,,,22.6363304093567,,,,,21.8506566137785,,,,,23.3804472730487,,,,,25.5904073270668,,,,,27.8259049234194,,,,,31.5382653061224
SLB,SOLOMON ISLANDS,1.32415988694019,,,,,1.37820526479525,,,,,1.45536649722556,,,,,1.47340466991059,,,,,1.49687829686804,,,,,1.57675705017189,,,,,1.85981770404225,,,,,2.21352618546682,,,,,2.54785017343348,,,,,2.84624434587532,,,,,3.15180412152474
SLE,SIERRA LEONE,1.85633597914873,,,,,2.97078358052265,,,,,2.33508875037834,,,,,2.57439004050057,,,,,3.82073467142325,,,,,2.57898329900399,,,,,2.92534801651575,,,,,3.32322738871703,,,,,2.98490367214166,,,,,2.53393357111896,,,,,2.12558521298211
SLV,EL SALVADOR,0.648484005406714,,,,,0.590543854974642,,,,,0.532205006583547,,,,,0.491230621781823,,,,,0.886190067560766,,,,,0.564727644515359,,,,,0.637670698517516,,,,,0.731575061283558,,,,,0.870912994362382,,,,,1.06219807452127,,,,,1.24220601016239
SMR,SAN MARINO,37.856841968828,,,,,38.2737195633921,,,,,34.0835774407653,,,,,34.9143302180685,,,,,36.2336855189559,,,,,37.451703547594,,,,,38.8839556947236,,,,,41.1260896006487,,,,,41.3566053511706,,,,,44.2545871559633,,,,,48.898850126681
SOM,SOMALIA,0.237054689657398,,,,,0.251224232420268,,,,,0.269084368436389,,,,,0.293770996022967,,,,,10.0149882585384,,,,,12.7639214458447,,,,,26.36612894512,,,,,0.361972761858872,,,,,0.378502475750417,,,,,0.395366368708459,,,,,0.41198963858394
SRB,SERBIA,7.20554908525563,,,,,9.06642848340003,,,,,11.3986636591769,,,,,11.4589257919334,,,,,1.30858159767994,,,,,,,,,,,,,,,,,,,,,,,,,,,,,,
STP,SAO TOME AND PRINCIPE,2.94734834032812,,,,,3.48413802024383,,,,,3.9619014832028,,,,,4.3442912147755,,,,,4.94739980408024,,,,,5.99016968314953,,,,,7.08771708108222,,,,,8.35280303122011,,,,,9.52714441556343,,,,,11.1934194484313,,,,,11.5726402614583
SUR,SURINAME,7.51943005181347,,,,,6.80168881112581,,,,,5.89434030188485,,,,,5.11065317961522,,,,,4.43279149580592,,,,,3.88266365940651,,,,,3.2329000918997,,,,,3.80843134779721,,,,,4.37644872163326,,,,,5.75718820998149,,,,,7.74220454474955
SVK,SLOVAKIA (SLOVAK REPUBLIC),2.42388472961152,,,,,2.31623804837955,,,,,2.19825858459894,,,,,2.11676652681211,,,,,0.779270480547299,,,,,,,,,,,,,,,,,,,,,,,,,,,,,,
SVN,SLOVENIA,8.00035927272656,,,,,8.36451760932659,,,,,8.77041617959451,,,,,10.05868719194,,,,,8.91204462503272,,,,,,,,,,,,,,,,,,,,,,,,,,,,,,
SWE,SWEDEN,13.9262364357229,,,,,12.32524642364,,,,,11.1881290006694,,,,,10.2598194005872,,,,,9.08500981734079,,,,,7.83386540454537,,,,,7.51846061340725,,,,,7.05594684463243,,,,,6.55434592998136,,,,,5.09043810374984,,,,,3.94965379838432
SWZ,SWAZILAND,3.38750934502677,,,,,3.49199107041014,,,,,3.45684699379063,,,,,3.64853419248766,,,,,8.27537763930231,,,,,5.80587731682287,,,,,5.59189754927715,,,,,5.36356604138465,,,,,7.57350104520864,,,,,8.88859952152255,,,,,4.85177517588544
SYC,SEYCHELLES,12.0730756377409,,,,,10.1821471652593,,,,,8.10294462042869,,,,,5.67698927015829,,,,,5.31571428571429,,,,,5.10089020771513,,,,,4.93167701863354,,,,,4.92281879194631,,,,,4.67537313432836,,,,,3.06315789473684,,,,,2.02637889688249
SYR,SYRIAN ARAB REPUBLIC,10.2441980310177,,,,,7.3007772672837,,,,,5.64458041214796,,,,,5.69664756622849,,,,,5.54428653357629,,,,,5.8846403171578,,,,,5.55778617522964,,,,,5.67543627710206,,,,,5.76534590664517,,,,,5.91721555524641,,,,,6.01052478707327
TCA,TURKS AND CAICOS ISLANDS,20.1884296454038,,,,,22.5028355387524,,,,,29.9957618139436,,,,,35.1245598017478,,,,,44.3636363636364,,,,,26.3733950747211,,,,,16.2790697674419,,,,,11.5490375802017,,,,,8.32741477272727,,,,,5.13318045510672,,,,,3.14465408805031
TCD,CHAD,3.3125011038087,,,,,3.57930115324782,,,,,1.2627766920515,,,,,1.12113273386969,,,,,1.24911494001419,,,,,1.38881878719331,,,,,1.49059621632713,,,,,1.56488682169936,,,,,1.66986244657277,,,,,1.7486373126994,,,,,1.83414618550081
TGO,TOGO,2.94008227701366,,,,,3.29992668153252,,,,,3.62026602378374,,,,,3.9493784217844,,,,,4.29216163683513,,,,,4.8017903501235,,,,,5.5991940718264,,,,,6.16417044812454,,,,,6.85008562902472,,,,,7.09076032756029,,,,,6.40874197175221
THA,THAILAND,1.7428051756508,,,,,1.49781525898761,,,,,1.26967773113485,,,,,0.930463223947313,,,,,0.684756687049684,,,,,0.781554785835812,,,,,1.01202392604282,,,,,0.814302161602961,,,,,0.941993970483679,,,,,1.28850277940806,,,,,1.77192276529284
TJK,TAJIKISTAN,3.72726955685387,,,,,4.50262318615916,,,,,5.33934504034172,,,,,5.27113771171423,,,,,8.03996612605021,,,,,,,,,,,,,,,,,,,,,,,,,,,,,,
TKM,TURKMENISTAN,4.11940114974331,,,,,4.7122912129076,,,,,5.35386730273276,,,,,6.198648045253,,,,,8.35605234460196,,,,,,,,,,,,,,,,,,,,,,,,,,,,,,
TLS,EAST TIMOR,1.29743841246651,,,,,1.21163223924573,,,,,1.08647644932842,,,,,1.11364947502019,,,,,1.19150272525975,,,,,1.25887287914699,,,,,1.32695056222341,,,,,1.35041577360437,,,,,1.37427365021377,,,,,1.40682286265173,,,,,1.4305126670816
TON,TONGA,0.814616995523449,,,,,1.15194136291601,,,,,1.6271615524387,,,,,2.28504711867234,,,,,3.16818157936216,,,,,3.60392962438666,,,,,1.87190211489458,,,,,1.0130508110066,,,,,0.545217494370037,,,,,0.317362129015774,,,,,0.196428571428571
TTO,TRINIDAD AND TOBAGO,2.58626077200803,,,,,2.91634186191577,,,,,3.28475212542785,,,,,3.65449908008041,,,,,4.13322159514986,,,,,4.75995678667048,,,,,5.66788413980179,,,,,6.03982058098621,,,,,6.3948473355067,,,,,7.67235228551795,,,,,9.54859330969108
TUN,TUNISIA,0.318485650083909,,,,,0.347801376009572,,,,,0.379178225595394,,,,,0.419893943622663,,,,,0.465834396154224,,,,,0.52378938182275,,,,,0.59500313283208,,,,,0.675672785599715,,,,,1.00323776087381,,,,,1.64915766738661,,,,,4.00886013958345
TUR,TURKEY,1.95591211267431,,,,,1.9690329275392,,,,,1.99944651703758,,,,,2.07077402262931,,,,,2.13069990974098,,,,,1.89721522062706,,,,,1.78608106129055,,,,,0.368831569587602,,,,,1.08246193614632,,,,,2.98987099004983,,,,,3.43928200199758
TUV,TUVALU,1.53658288389132,,,,,1.88776562822364,,,,,2.34632126552713,,,,,2.89368158664788,,,,,3.58729453576188,,,,,3.82747456059204,,,,,4.21065706123463,,,,,4.5152895250488,,,,,4.8656798245614,,,,,5.3233611966564,,,,,6.09436435124509
TZA,"TANZANIA, UNITED REPUBLIC OF",1.46576204163668,,,,,2.054639166973,,,,,2.64565389256928,,,,,3.78833008029374,,,,,2.26000079890715,,,,,2.50623196412351,,,,,2.9816381695579,,,,,3.80447568366088,,,,,3.71302351766057,,,,,4.16199850841484,,,,,4.73499899250483
UGA,UGANDA,1.90232720758834,,,,,2.2712305493891,,,,,2.58874317675072,,,,,3.18916512372807,,,,,3.13905933211021,,,,,4.31942039143249,,,,,5.39140171312977,,,,,7.15410603599469,,,,,10.045231729244,,,,,11.3261843467289,,,,,11.3686802016025
UKR,UKRAINE,11.4616236508272,,,,,11.4438060381933,,,,,11.2394340408731,,,,,11.9822627213746,,,,,13.2832035766592,,,,,,,,,,,,,,,,,,,,,,,,,,,,,,
URY,URUGUAY,2.36940766587722,,,,,2.52962643846678,,,,,2.66661366804373,,,,,2.89137487699197,,,,,3.15600842588332,,,,,3.44504730872487,,,,,4.00537085846279,,,,,4.64411467302247,,,,,5.69263635590419,,,,,7.23709454880926,,,,,7.56879586604427
USA,UNITED STATES,13.8408152465667,,,,,13.2873926990477,,,,,12.3383029215752,,,,,10.7114034955948,,,,,9.31445660055364,,,,,8.19242321077319,,,,,7.20185278908571,,,,,6.47828617466072,,,,,5.83939049606929,,,,,5.84367662877053,,,,,5.99188524998478
UZB,UZBEKISTAN,4.11707349522449,,,,,4.84518286391256,,,,,5.54514328367897,,,,,6.46785165679175,,,,,8.0594831789371,,,,,,,,,,,,,,,,,,,,,,,,,,,,,,
VCT,SAINT VINCENT AND THE GRENADINES,7.87716345274251,,,,,6.8156948569642,,,,,5.91304670194723,,,,,5.0794472910231,,,,,3.72433935763517,,,,,2.79487351283057,,,,,2.1182814956321,,,,,2.2998724036229,,,,,2.5349060879755,,,,,2.78113804494487,,,,,3.08099026535554
VEN,VENEZUELA,3.46854727132604,,,,,3.78429580866827,,,,,4.16022859809011,,,,,4.61453175391216,,,,,5.18615621485386,,,,,5.96074965909,,,,,6.40127415537658,,,,,5.74120161439334,,,,,5.49482447758032,,,,,6.19242498303052,,,,,6.72143948225666
VIR,VIRGIN ISLANDS (U.S.),58.1535189663771,,,,,54.8937077589164,,,,,52.2206574066403,,,,,50.4159826372465,,,,,50.0957071265739,,,,,46.7560747663551,,,,,49.5515463917526,,,,,42.968085106383,,,,,53.4984126984127,,,,,46.2318181818182,,,,,37.715625
VNM,VIET NAM,0.0797250740517068,,,,,0.0661471184737372,,,,,0.0722405640022208,,,,,0.0540061531623504,,,,,0.0445614518750559,,,,,0.0478239450975063,,,,,0.0724413407821229,,,,,0.00970435144701228,,,,,0.0103746869807391,,,,,0.0109960616572338,,,,,0.0115418933310307
VUT,VANUATU,0.344478817091905,,,,,0.495761194029851,,,,,0.715991743129181,,,,,1.00454123968711,,,,,1.47101948401792,,,,,2.1164672224444,,,,,3.0363042011865,,,,,3.57332372170326,,,,,3.86939616807982,,,,,4.11781334553825,,,,,4.44577008210232
WSM,SAMOA,4.82505415822264,,,,,3.97825796985461,,,,,3.26892459940211,,,,,2.67457304387687,,,,,1.96481748687563,,,,,1.5134662250828,,,,,2.79452794527945,,,,,2.47187597022123,,,,,2.35585821547058,,,,,2.70878584694809,,,,,3.15707119517695
YEM,YEMEN,2.27529683247486,,,,,2.26036575292901,,,,,2.35998930976719,,,,,2.51637329930529,,,,,2.91350080901599,,,,,2.86011861805746,,,,,3.28031812916618,,,,,3.28338161556718,,,,,3.2317331012467,,,,,3.17684432196218,,,,,3.12064136037107
ZAF,SOUTH AFRICA,3.667695782753,,,,,2.63729256616183,,,,,2.32358181818182,,,,,2.80621165644172,,,,,3.47831818181818,,,,,5.77553638253373,,,,,3.56579271830577,,,,,3.89182707861533,,,,,4.35322135192647,,,,,4.76584308188786,,,,,5.33258220280524
ZMB,ZAMBIA,1.76394238171565,,,,,2.50511289341904,,,,,3.53895329572445,,,,,3.06466057513014,,,,,3.56897735946998,,,,,4.12240187459274,,,,,4.76802649317858,,,,,5.98494456202133,,,,,7.240676345239,,,,,9.09057650051331,,,,,11.7054382512059
ZWE,ZIMBABWE,2.84666686752857,,,,,3.07888957781579,,,,,3.29031870048847,,,,,3.71587313533626,,,,,5.9941795766725,,,,,5.7986547003718,,,,,6.45799895706845,,,,,7.85505843670273,,,,,9.585857916507,,,,,10.1479174397671,,,,,10.3180373042248
